FILM;ID REALISATEUR;
tt6791350;nm0348181;
tt6718170;nm3821363;
tt13623136;nm0348181;
tt10648342;nm0169806;
tt21860316;nm2219807;
tt8041270;nm1119880;
tt9777666;nm0003021;
tt13976074;nm4043618;
tt13976074;nm0695435;
tt7146812;nm0768959;
tt11570434;nm1632389;
tt11570434;nm11646878;
tt11570434;nm11656878;
tt4154796;nm0751577;
tt4154796;nm0751648;
tt4975920;nm0000352;
tt3513498;nm0593610;
tt10676048;nm4804442;
tt11908172;nm0660098;
tt4428398;nm0047193;
tt4428398;nm0462988;
tt4428398;nm0591450;
tt6079772;nm0132709;
tt8385148;nm0400850;
tt10342730;nm1135423;
tt13567480;nm2667446;
tt13567480;nm3634291;
tt14084160;nm1519252;
tt6285944;nm1079776;
tt5537002;nm0000217;
tt11286314;nm0570912;
tt7131622;nm0000233;
tt10199110;nm5266022;
tt10199110;nm3175117;
tt1663202;nm0327944;
tt4016250;nm0000217;
tt0993846;nm0000217;
tt1343092;nm0525303;
tt15739482;nm0000116;
tt1853728;nm0000233;
tt1616195;nm0000142;
tt1790736;nm1053991;
tt1375666;nm0634240;
tt1130884;nm0000217;
tt0959337;nm0005222;
tt5535276;nm0177896;
tt2906216;nm0197855;
tt2906216;nm0326246;
tt7740496;nm0868219;
tt11271038;nm0000759;
tt7959026;nm0000142;
tt1517451;nm0177896;
tt4154756;nm0751577;
tt4154756;nm0751648;
tt3896198;nm0348181;
tt2005151;nm0680846;
tt27793374;nm3984627;
tt5433140;nm0504642;
tt13673396;nm1710168;
tt13673396;nm5084018;
tt5433138;nm0510912;
tt11468188;nm3821020;
tt1634106;nm1702145;
tt5848272;nm1601882;
tt5848272;nm0601781;
tt27930974;nm0085312;
tt27930974;nm0309307;
tt27930974;nm1627732;
tt27736843;nm6600275;
tt27736843;nm3488144;
tt27469041;nm9420496;
tt20724032;nm1569897;
tt17076046;nm1926903;
tt21054464;nm0085312;
tt21054464;nm0309307;
tt21054464;nm1627732;
tt7978758;nm0000500;
tt5337160;nm0769796;
tt2461172;nm0004937;
tt15398776;nm0634240;
tt6673612;nm0300866;
tt2250912;nm1218281;
tt3498820;nm0751577;
tt3498820;nm0751648;
tt2395427;nm0923736;
tt1872194;nm0229694;
tt2883512;nm0269463;
tt1300854;nm0000948;
tt0848228;nm0923736;
tt1515091;nm0005363;
tt1231583;nm0680846;
tt10640346;nm3227090;
tt12593682;nm0500610;
tt13320622;nm1887480;
tt13320622;nm1519639;
tt14067406;nm0240211;
tt2935510;nm0336695;
tt5463162;nm0500610;
tt4758646;nm2391575;
tt3640424;nm0000709;
tt6024606;nm0000517;
tt1596363;nm0570912;
tt3707106;nm0001401;
tt2713180;nm0043742;
tt27704325;nm0110300;
tt14250484;nm0271246;
tt14250484;nm0300944;
tt17569526;nm4224294;
tt11210390;nm0133899;
tt13002242;nm0133899;
tt10545470;nm4922817;
tt9172422;nm1267707;
tt20895888;nm2016916;
tt4725842;nm1618621;
tt6451260;nm0029762;
tt7250056;nm0000801;
tt7476116;nm0500976;
tt6293032;nm0137228;
tt5351818;nm0133899;
tt5078354;nm0860019;
tt14309446;nm0357453;
tt14439896;nm6793979;
tt1464335;nm0281508;
tt6654210;nm0298807;
tt14696048;nm9587343;
tt14696048;nm4042952;
tt4651466;nm3232264;
tt3152592;nm0148999;
tt8629748;nm0000916;
tt7401588;nm1890845;
tt4560436;nm0000916;
tt5294550;nm0000631;
tt5657846;nm1890845;
tt3371366;nm0000881;
tt4572514;nm0000916;
tt17024450;nm0298807;
tt10095582;nm0001054;
tt10016180;nm0359387;
tt3766354;nm0298807;
tt6000478;nm0319659;
tt2671706;nm0000243;
tt2404435;nm0298807;
tt0455944;nm0298807;
tt1272878;nm0466349;
tt1907668;nm0000709;
tt1599348;nm1174251;
tt0477080;nm0001716;
tt1037705;nm0400436;
tt1037705;nm0400441;
tt1111422;nm0001716;
tt0427309;nm0000243;
tt1727770;nm0001402;
tt2692250;nm0506613;
tt0910885;nm0788426;
tt1294970;nm0004675;
tt2624412;nm1996918;
tt1839642;nm1242062;
tt1327773;nm0200005;
tt1931435;nm0951698;
tt1402488;nm0004306;
tt1402488;nm0248495;
tt1402488;nm1668276;
tt0976238;nm0065608;
tt14555174;nm1897760;
tt22394702;nm4864836;
tt22394694;nm4864836;
tt14656632;nm0751080;
tt21435436;nm4864836;
tt16527290;nm1760759;
tt15837458;nm1230733;
tt14686544;nm0425364;
tt14849038;nm1714788;
tt15391770;nm2846368;
tt14577304;nm0973835;
tt14412366;nm5090040;
tt14174168;nm4864836;
tt13496236;nm4864836;
tt14577300;nm4097598;
tt16280138;nm0001752;
tt11252248;nm1730221;
tt11252248;nm1475594;
tt6264654;nm0506613;
tt6733874;nm0860483;
tt6182908;nm0456732;
tt6182908;nm1134222;
tt7699354;nm1029172;
tt7699354;nm2985993;
tt4649466;nm0891216;
tt5439796;nm0001752;
tt4116284;nm0003021;
tt14813150;nm1626716;
tt12361974;nm0811583;
tt11433048;nm6828035;
tt6914122;nm1189755;
tt1560220;nm0281508;
tt8368406;nm2705923;
tt7339248;nm2720681;
tt6866224;nm1243740;
tt0974015;nm0811583;
tt6817212;nm4784847;
tt3110958;nm0160840;
tt4513674;nm0000095;
tt2975590;nm0811583;
