FILM;ID ACTEUR;
tt1801045;nm1231899;
tt1801045;nm0695435;
tt7766378;nm5611121;
tt7766378;nm0695435;
tt5779228;nm0000168;
tt5779228;nm0695435;
tt6791350;nm0695435;
tt6791350;nm1176985;
tt6791350;nm0757855;
tt13623136;nm0348231;
tt13623136;nm2394794;
tt13623136;nm0695435;
tt11743610;nm2090422;
tt11743610;nm2018237;
tt11743610;nm0695435;
tt10648342;nm0000288;
tt10648342;nm1165110;
tt10648342;nm0000204;
tt8041270;nm0000368;
tt8041270;nm0695435;
tt8041270;nm0397171;
tt9777666;nm0799777;
tt9777666;nm0695435;
tt9777666;nm2088803;
tt13976074;nm4043618;
tt13976074;nm0695435;
tt11570434;nm0397171;
tt11570434;nm0695435;
tt11570434;nm0000703;
tt4154796;nm0749263;
tt4154796;nm0000375;
tt4154796;nm0262635;
tt4975920;nm8868767;
tt4975920;nm5772354;
tt4975920;nm0695435;
tt4881806;nm1245863;
tt4881806;nm0695435;
tt4881806;nm0397171;
tt4154756;nm1165110;
tt4154756;nm0749263;
tt4154756;nm0000375;
tt10800876;nm3965748;
tt10800876;nm0695435;
tt10800876;nm0397171;
tt7131308;nm0001327;
tt7131308;nm0695435;
tt7131308;nm1176985;
tt3896198;nm0695435;
tt3896198;nm1176985;
tt3896198;nm0757855;
tt2660806;nm0448252;
tt2660806;nm0005049;
tt2660806;nm0267506;
tt1355644;nm2225369;
tt1355644;nm0695435;
tt1355644;nm0790688;
tt2404435;nm0000243;
tt2404435;nm0000160;
tt2404435;nm0695435;
tt3614530;nm2874427;
tt3614530;nm4563780;
tt3614530;nm2640887;
tt9881938;nm3324982;
tt9881938;nm3080722;
tt9881938;nm0860380;
tt0369610;nm0695435;
tt0369610;nm0397171;
tt0369610;nm1339223;
tt1266020;nm0688132;
tt1266020;nm0641389;
tt1266020;nm0644406;
tt4311010;nm0688132;
tt4311010;nm2201555;
tt4311010;nm0644406;
tt3502544;nm0000279;
tt3502544;nm0051469;
tt3502544;nm0006969;
tt2387559;nm1130627;
tt2387559;nm0000681;
tt2387559;nm0695435;
tt2611482;nm0734442;
tt2611482;nm0695435;
tt2611482;nm0298281;
tt1333125;nm0000152;
tt1333125;nm0580351;
tt1333125;nm1297015;
tt1790885;nm1567113;
tt1790885;nm0249291;
tt1790885;nm0695435;
tt2691394;nm0429069;
tt2691394;nm0000507;
tt2691394;nm2106637;
tt1195478;nm1289434;
tt1195478;nm0695435;
tt1195478;nm0781981;
tt2203947;nm1959860;
tt2203947;nm4687747;
tt2203947;nm0695435;
tt2138881;nm0688132;
tt2138881;nm2201555;
tt2138881;nm0695435;
tt0770703;nm0310966;
tt0770703;nm0262635;
tt0770703;nm0267506;
tt1715873;nm1475594;
tt1715873;nm0695435;
tt1715873;nm0206257;
tt1210166;nm0000093;
tt1210166;nm1706767;
tt1210166;nm0000705;
tt1622696;nm0523180;
tt1622696;nm0048389;
tt1622696;nm0424534;
tt0810922;nm0283945;
tt0810922;nm0267506;
tt0810922;nm0333410;
tt4462324;nm0000535;
tt4462324;nm0796124;
tt4462324;nm0267506;
tt1131734;nm1086543;
tt1131734;nm1083271;
tt1131734;nm0111013;
tt1078885;nm0385639;
tt1078885;nm0004790;
tt1078885;nm0695435;
tt0901476;nm0005028;
tt0901476;nm0004266;
tt0901476;nm0000298;
tt0493464;nm0001401;
tt0493464;nm0000151;
tt0493464;nm0564215;
tt0800268;nm0469823;
tt0800268;nm1157048;
tt0800268;nm0860380;
tt0398417;nm0754513;
tt0398417;nm0241885;
tt0398417;nm0738951;
tt0462601;nm0001152;
tt0462601;nm0000144;
tt0462601;nm1019751;
tt0362359;nm0059215;
tt0362359;nm0001251;
tt0362359;nm0111013;
tt0318883;nm0001852;
tt0318883;nm0808376;
tt0318883;nm0885840;
tt0420225;nm0001418;
tt0420225;nm0005211;
tt0420225;nm0695435;
tt0369994;nm0227576;
tt0369994;nm0781238;
tt0369994;nm0170306;
tt0295249;nm0531095;
tt0295249;nm0000499;
tt0295249;nm0450714;
tt0250157;nm0001578;
tt0250157;nm0001664;
tt0250157;nm0819079;
tt0242399;nm0514518;
tt0242399;nm0695435;
tt0242399;nm0004671;
tt12760338;nm0000168;
tt12760338;nm0005351;
tt15507512;nm0000168;
tt15507512;nm5335029;
tt15507512;nm0913475;
tt11908172;nm0000235;
tt11908172;nm1638321;
tt11908172;nm0542133;
tt10676048;nm11940123;
tt10676048;nm1534698;
tt10676048;nm0488953;
tt15009428;nm0005377;
tt15009428;nm0147147;
tt15009428;nm0397171;
tt13157618;nm0000168;
tt13157618;nm0578853;
tt13157618;nm3592338;
tt13820498;nm0000168;
tt13820498;nm1983843;
tt13820498;nm6195774;
tt10168312;nm0235261;
tt10168312;nm0942482;
tt10168312;nm0003214;
tt6079772;nm0000474;
tt6079772;nm0000168;
tt6079772;nm0702572;
tt8385148;nm0000161;
tt8385148;nm0000168;
tt8385148;nm0005351;
tt10342730;nm0000168;
tt10342730;nm1540404;
tt10342730;nm0001674;
tt13567480;nm0000424;
tt13567480;nm0001435;
tt13567480;nm0000168;
tt14084160;nm0000168;
tt14084160;nm0004859;
tt14084160;nm0000237;
tt12369754;nm0595634;
tt12369754;nm0855039;
tt12369754;nm0790688;
tt6285944;nm0000168;
tt6285944;nm1107001;
tt6285944;nm0396558;
tt2527338;nm3915784;
tt2527338;nm1209966;
tt2527338;nm5397459;
tt0783640;nm1659221;
tt0783640;nm0837223;
tt0783640;nm8313926;
tt6320628;nm0000168;
tt6320628;nm0350453;
tt6320628;nm4043618;
tt3697842;nm7575542;
tt3697842;nm0170306;
tt3697842;nm4456022;
tt4463894;nm1900772;
tt4463894;nm0000168;
tt4463894;nm0745780;
tt4154664;nm0000168;
tt4154664;nm0578853;
tt4154664;nm0488953;
tt6823368;nm0000168;
tt6823368;nm0564215;
tt6823368;nm0000246;
tt5989218;nm0000906;
tt5989218;nm1312575;
tt5989218;nm1209966;
tt2555624;nm0000168;
tt2555624;nm0000870;
tt2555624;nm2705488;
tt2338454;nm0000349;
tt2338454;nm0000168;
tt2338454;nm0488953;
tt1959563;nm0000198;
tt1959563;nm0000168;
tt1959563;nm0005351;
tt1293847;nm0947447;
tt1293847;nm2138653;
tt1293847;nm0004874;
tt3731562;nm0000168;
tt3731562;nm1089991;
tt3731562;nm0488953;
tt1935859;nm1200692;
tt1935859;nm0000168;
tt1935859;nm2633535;
tt0918940;nm4920741;
tt0918940;nm0002907;
tt0918940;nm7222287;
tt0775440;nm0000168;
tt0775440;nm0000131;
tt0775440;nm2265157;
tt3460252;nm0000621;
tt3460252;nm0000492;
tt3460252;nm0000168;
tt4594834;nm0134244;
tt4594834;nm0000648;
tt4594834;nm3500582;
tt1731701;nm6094820;
tt1731701;nm0000168;
tt1731701;nm0454809;
tt2395427;nm0749263;
tt2395427;nm0000375;
tt2395427;nm0262635;
tt2802144;nm0000168;
tt2802144;nm0000147;
tt2802144;nm5473782;
tt1608383;nm0005552;
tt1608383;nm0925220;
tt1608383;nm0591528;
tt2088003;nm0000168;
tt2088003;nm2762369;
tt2088003;nm0829032;
tt2044801;nm4630687;
tt2044801;nm2086223;
tt2044801;nm0511686;
tt2364582;nm0163988;
tt2364582;nm0001840;
tt2364582;nm3474430;
tt1843866;nm0000168;
tt1843866;nm0262635;
tt1843866;nm0424060;
tt0320037;nm0453994;
tt0320037;nm7233717;
tt0320037;nm2281865;
tt1234721;nm0000198;
tt1234721;nm0000474;
tt1234721;nm1172478;
tt2304953;nm1002641;
tt2304953;nm0000168;
tt2304953;nm0005349;
tt1321511;nm0000168;
tt1321511;nm0647634;
tt1321511;nm0000982;
tt1853728;nm0004937;
tt1853728;nm0000138;
tt1853728;nm0910607;
tt2421374;nm5285779;
tt2421374;nm4352745;
tt2421374;nm5302687;
tt0848228;nm0000375;
tt0848228;nm0262635;
tt0848228;nm0424060;
tt1810697;nm0000168;
tt1810697;nm0005561;
tt1810697;nm0004753;
tt1867093;nm1550948;
tt1867093;nm0000168;
tt1867093;nm0456186;
tt1117581;nm0582257;
tt1117581;nm0000168;
tt1117581;nm1553725;
tt0458339;nm0915989;
tt0458339;nm0000168;
tt0458339;nm0262635;
tt0800369;nm1165110;
tt0800369;nm0000204;
tt0800369;nm0000164;
tt1510938;nm0000168;
tt1510938;nm0000169;
tt0373732;nm0005093;
tt0373732;nm0936762;
tt0373732;nm0930637;
tt1386588;nm0002071;
tt1386588;nm0000242;
tt1386588;nm1157013;
tt0914863;nm0000168;
tt0914863;nm0005251;
tt0914863;nm0790688;
tt1228705;nm0000620;
tt1228705;nm0000375;
tt1228705;nm0000569;
tt6729850;nm0001845;
tt6729850;nm0350453;
tt6729850;nm0000165;
tt1121977;nm0000906;
tt1121977;nm0913488;
tt1121977;nm0915208;
tt0361748;nm0000093;
tt0361748;nm0744834;
tt0361748;nm1208167;
tt0831887;nm0000168;
tt0831887;nm0532683;
tt0831887;nm0424060;
tt1111948;nm0495095;
tt1111948;nm0000168;
tt1111948;nm0005170;
tt0810880;nm0000284;
tt0810880;nm0000291;
tt0810880;nm1352900;
tt0947802;nm0933940;
tt0947802;nm0000168;
tt0947802;nm0913488;
tt0371746;nm0005024;
tt0371746;nm0000375;
tt0371746;nm0000569;
tt0489099;nm0068260;
tt0489099;nm0000168;
tt0489099;nm0159789;
tt0896798;nm0578949;
tt0896798;nm0000168;
tt0896798;nm0000438;
tt0159876;nm0000267;
tt0159876;nm0004881;
tt0159876;nm0281765;
tt0450385;nm0000168;
tt0450385;nm0000131;
tt0450385;nm0005203;
tt0465316;nm0523180;
tt0465316;nm0000168;
tt0465316;nm0482851;
tt0416185;nm0001326;
tt0416185;nm0000168;
tt0416185;nm0606700;
tt0763840;nm0000168;
tt0763840;nm1265067;
tt0763840;nm0004754;
tt0462200;nm0000168;
tt0462200;nm0005493;
tt0462200;nm0000207;
tt0417148;nm0000168;
tt0417148;nm0000523;
tt0417148;nm0680667;
tt10217822;nm2429974;
tt10217822;nm2103254;
tt10217822;nm2335949;
tt0349467;nm0000194;
tt0349467;nm0000168;
tt0349467;nm0004908;
tt0399327;nm0001208;
tt0399327;nm0506405;
tt0399327;nm0000168;
tt0445114;nm0315041;
tt0445114;nm0580351;
tt0445114;nm0421332;
tt0121766;nm0159789;
tt0121766;nm0000204;
tt0121766;nm0000191;
tt0329774;nm0001084;
tt0329774;nm0000353;
tt0329774;nm0000168;
tt0393162;nm0327779;
tt0393162;nm0000168;
tt0393162;nm0722647;
tt10862602;nm1475594;
tt10862602;nm0000168;
tt10862602;nm0262751;
tt0378194;nm0000235;
tt0378194;nm0000514;
tt0378194;nm0001016;
tt0315297;nm0000171;
tt0315297;nm0000168;
tt0315297;nm0000412;
tt0349260;nm0000300;
tt0349260;nm0322407;
tt0349260;nm0000168;
tt0361185;nm0000158;
tt0361185;nm0183698;
tt0361185;nm1197217;
tt0257076;nm0268199;
tt0257076;nm0000168;
tt0257076;nm0735442;
tt0264395;nm0000168;
tt0264395;nm0000237;
tt0264395;nm0001567;
tt12247528;nm0078886;
tt12247528;nm0101048;
tt12247528;nm0089882;
tt0295701;nm0000782;
tt0295701;nm0190744;
tt0295701;nm0004874;
tt0292610;nm0000168;
tt0292610;nm0001745;
tt0292610;nm0000170;
tt0121765;nm0159789;
tt0121765;nm0000204;
tt0121765;nm0000191;
tt0264472;nm0823940;
tt0264472;nm0000168;
tt0264472;nm0000255;
tt0372217;nm0000168;
tt0372217;nm1404020;
tt0372217;nm0107316;
tt0293737;nm0203508;
tt0293737;nm0695497;
tt0293737;nm0668534;
tt0227984;nm0000168;
tt0227984;nm0001015;
tt0227984;nm0607865;
tt0182000;nm0272173;
tt0182000;nm0000168;
tt0182000;nm0005174;
tt0217869;nm0000168;
tt0217869;nm0000246;
tt0217869;nm0000705;
tt0162650;nm0001853;
tt0162650;nm0000288;
tt0162650;nm0000168;
tt0227972;nm0508044;
tt0227972;nm1111762;
tt0227972;nm0170700;
tt0160797;nm0000168;
tt0160797;nm0001602;
tt0160797;nm0000169;
tt20595790;nm0000168;
tt20595790;nm0005048;
tt20595790;nm0004787;
tt0149261;nm0005048;
tt0149261;nm0000168;
tt0149261;nm0004787;
tt0159888;nm0112001;
tt0159888;nm0931736;
tt0159888;nm0113617;
tt0120915;nm0000553;
tt0120915;nm0000204;
tt0120915;nm0000191;
tt0120802;nm0081175;
tt0120802;nm0464855;
tt0120802;nm0147605;
tt0120768;nm0001556;
tt0120768;nm0000168;
tt0120768;nm0000228;
tt0120780;nm0000182;
tt0120780;nm0000609;
tt0120780;nm0000123;
tt0120184;nm0000168;
tt0120184;nm0000163;
tt0120184;nm0000232;
tt0119396;nm0000427;
tt0119396;nm0000168;
tt0119396;nm0001233;
tt0119080;nm0328709;
tt0119080;nm0000168;
tt0119080;nm0810619;
tt0118531;nm0000168;
tt0118531;nm0746414;
tt0118531;nm0001334;
tt0111996;nm0001579;
tt0111996;nm0347039;
tt0111996;nm0005500;
tt0116908;nm0956531;
tt0116908;nm0000168;
tt0116908;nm0000133;
tt0117913;nm0000113;
tt0117913;nm0000190;
tt0117913;nm0000168;
tt0117958;nm0095478;
tt0117958;nm0000114;
tt0117958;nm0001406;
tt0116448;nm0001834;
tt0116448;nm0000168;
tt0116448;nm0000156;
tt0119256;nm0001311;
tt0119256;nm0000604;
tt0119256;nm0000569;
tt0112864;nm0000168;
tt0112864;nm0000460;
tt0112864;nm0000246;
tt0113552;nm0000168;
tt0113552;nm0000115;
tt0113552;nm0000325;
tt0113691;nm0000657;
tt0113691;nm0000932;
tt0113691;nm0001448;
tt0117577;nm0564697;
tt0117577;nm0878155;
tt0117577;nm0045937;
tt0110649;nm0001114;
tt0110649;nm0000693;
tt0110649;nm0000872;
tt0110912;nm0000235;
tt0110912;nm0000168;
tt0110912;nm0000237;
tt0109969;nm0004095;
tt0109969;nm0200472;
tt0109969;nm0001309;
tt0109053;nm0001492;
tt0109053;nm0000168;
tt0109053;nm0929934;
tt0109161;nm0001832;
tt0109161;nm0000168;
tt0109161;nm0011199;
tt0109842;nm0002064;
tt0109842;nm0000168;
tt0109842;nm0625735;
tt0108399;nm0000099;
tt0108399;nm0000225;
tt0108399;nm0000454;
tt0107290;nm0000368;
tt0107290;nm0000554;
tt0107290;nm0000156;
tt0107554;nm0877928;
tt0107554;nm0005478;
tt0107554;nm0453550;
tt0106266;nm0000168;
tt0106266;nm0503627;
tt0106266;nm0000115;
tt0107659;nm0001484;
tt0107659;nm0000389;
tt0107659;nm0000168;
tt0094416;nm0001773;
tt0094416;nm0567184;
tt0094416;nm0614526;
tt0101124;nm0001832;
tt0101124;nm0853040;
tt0101124;nm0518718;
tt0108787;nm0073418;
tt0108787;nm0530064;
tt0108787;nm0018781;
tt0105112;nm0000148;
tt0105112;nm0000293;
tt0105112;nm0000271;
tt0105813;nm0000353;
tt0105813;nm0000620;
tt0105813;nm0001512;
tt0104240;nm0168262;
tt0104240;nm0000463;
tt0104240;nm0000156;
tt0104573;nm0394191;
tt0104573;nm0004898;
tt0104573;nm0000637;
tt0102174;nm0000793;
tt0102174;nm0000619;
tt0102174;nm0888503;
tt0101677;nm0001103;
tt0101677;nm0505971;
tt0101677;nm0491357;
tt0102996;nm0203508;
tt0102996;nm0680531;
tt0102996;nm0424509;
tt0101184;nm0431520;
tt0101184;nm0140969;
tt0101184;nm0001165;
tt0104567;nm0182105;
tt0104567;nm0000093;
tt0104567;nm0091369;
tt0102175;nm0001711;
tt0102175;nm0000490;
tt0102175;nm0000648;
tt0098844;nm0001583;
tt0098844;nm0552509;
tt0098844;nm0001199;
tt0100480;nm0700789;
tt0100480;nm0001923;
tt0100480;nm0859150;
tt0099685;nm0000501;
tt0099685;nm0000582;
tt0099685;nm0000134;
tt0099528;nm0001715;
tt0099528;nm0000374;
tt0099528;nm0281130;
tt0100168;nm0000243;
tt0100168;nm0000490;
tt0100168;nm0000648;
tt0099128;nm0084086;
tt0099128;nm0000208;
tt0099128;nm0000257;
tt8684118;nm0281318;
tt8684118;nm0195982;
tt8684118;nm2162228;
tt0099294;nm0001634;
tt0099294;nm0004697;
tt0099294;nm0004852;
tt0100602;nm0000323;
tt0100602;nm0001527;
tt0100602;nm0726200;
tt0099395;nm0362429;
tt0099395;nm0093875;
tt0099395;nm0638056;
tt0098273;nm0000422;
tt0098273;nm0000199;
tt0098273;nm0000289;
tt0092336;nm0001974;
tt0092336;nm0572885;
tt0092336;nm0338783;
tt0097216;nm0000732;
tt0097216;nm0002039;
tt0097216;nm0001115;
tt0096646;nm0000984;
tt0096646;nm0000291;
tt0096646;nm0348214;
tt0097164;nm0000418;
tt0097164;nm0001952;
tt0097164;nm0040662;
tt0094898;nm0004731;
tt0094898;nm0000552;
tt0094898;nm0061003;
tt0096054;nm0002064;
tt0096054;nm0132896;
tt0096054;nm0000401;
tt0088612;nm0001810;
tt0088612;nm0000984;
tt0088612;nm0572261;
tt0093474;nm0469826;
tt0093474;nm0357783;
tt0093474;nm0193409;
tt0094213;nm0001136;
tt0094213;nm0123632;
tt0094213;nm0000984;
tt0082970;nm0738415;
tt0082970;nm0001527;
tt0082970;nm0000010;
tt0080707;nm0313387;
tt0080707;nm0320180;
tt0080707;nm0002058;
tt0217105;nm2692125;
tt0217105;nm0780546;
tt0217105;nm0711560;
tt0074413;nm0831471;
tt0074413;nm0941683;
tt0074413;nm0809031;
tt0071012;nm0015391;
tt0071012;nm0176586;
tt0071012;nm0340952;
tt0202001;nm0001042;
tt0202001;nm0130590;
tt0202001;nm0204389;
tt5112584;nm0000701;
tt5112584;nm2057859;
tt5112584;nm0000179;
tt8999762;nm0249291;
tt8999762;nm1659221;
tt8999762;nm3948952;
tt11210390;nm0182839;
tt11210390;nm0858048;
tt11210390;nm0001993;
tt13821126;nm0001497;
tt13821126;nm0182839;
tt13821126;nm2555462;
tt14622802;nm0693799;
tt14622802;nm0267042;
tt14622802;nm0182839;
tt15440966;nm2188804;
tt15440966;nm3367478;
tt15440966;nm0302916;
tt6217926;nm3485845;
tt6217926;nm0182839;
tt6217926;nm0374865;
tt13539094;nm0182839;
tt13539094;nm3875963;
tt6673612;nm0000375;
tt6673612;nm0000104;
tt6673612;nm0790688;
tt8201404;nm0167388;
tt8201404;nm0500976;
tt8201404;nm0182839;
tt7534096;nm9357954;
tt7534096;nm1839955;
tt7534096;nm0182839;
tt5687040;nm0023832;
tt5687040;nm0182839;
tt5687040;nm0001250;
tt5351818;nm0500976;
tt5351818;nm0182839;
tt5351818;nm0133899;
tt2094766;nm0182839;
tt2094766;nm1055413;
tt2094766;nm0000460;
tt3640424;nm0000093;
tt3640424;nm0364813;
tt3640424;nm0182839;
tt4645368;nm0880484;
tt4645368;nm0182839;
tt4645368;nm2244205;
tt3794028;nm0107165;
tt3794028;nm0182839;
tt3794028;nm0308039;
tt5786876;nm0955782;
tt5786876;nm0004851;
tt5786876;nm2325018;
tt2884018;nm0182839;
tt2884018;nm1055413;
tt2884018;nm7752797;
tt3177474;nm2476624;
tt3177474;nm2582755;
tt3177474;nm0331868;
tt2737050;nm0182839;
tt2737050;nm0740090;
tt2737050;nm1595165;
tt1229340;nm0002071;
tt1229340;nm0000775;
tt1229340;nm0748620;
tt1951181;nm0719637;
tt1951181;nm0182839;
tt1951181;nm0001618;
tt1747958;nm0654110;
tt1747958;nm0182839;
tt1747958;nm0001082;
tt3038760;nm0000309;
tt3038760;nm0182839;
tt3038760;nm1579859;
tt2807730;nm0500976;
tt2807730;nm0241121;
tt2807730;nm1267707;
tt2520640;nm0182839;
tt2520640;nm1268508;
tt2520640;nm0079591;
tt1345836;nm0000288;
tt1345836;nm0362766;
tt1345836;nm0004266;
tt2053425;nm0774386;
tt2053425;nm0182839;
tt2053425;nm5014245;
tt2224293;nm5341874;
tt2224293;nm0182839;
tt2224293;nm0280051;
tt1598778;nm0000701;
tt1598778;nm0000354;
tt1598778;nm0000179;
tt1605783;nm1046097;
tt1605783;nm0005562;
tt1605783;nm0000870;
tt1897953;nm0869871;
tt1897953;nm0182839;
tt1897953;nm0005212;
tt1440232;nm0167388;
tt1440232;nm0182839;
tt1440232;nm0536095;
tt1375666;nm0000138;
tt1375666;nm0330687;
tt1375666;nm0680983;
tt1712185;nm4037831;
tt1712185;nm0182839;
tt1712185;nm1281343;
tt1630238;nm0182839;
tt1630238;nm0001209;
tt1630238;nm0378245;
tt0875034;nm0000358;
tt0875034;nm0182839;
tt0875034;nm0004851;
tt1234542;nm0182839;
tt1234542;nm3657567;
tt1234542;nm0133899;
tt1152836;nm0000288;
tt1152836;nm0000136;
tt1152836;nm0831601;
tt3213394;nm0672422;
tt3213394;nm0182839;
tt3213394;nm0259027;
tt0450188;nm0339621;
tt0450188;nm0182839;
tt0450188;nm0856500;
tt0401445;nm0001215;
tt0401445;nm0000128;
tt0401445;nm0180411;
tt0454602;nm0767710;
tt0454602;nm0753737;
tt0454602;nm0536095;
tt0456123;nm0182839;
tt0456123;nm0684500;
tt0456123;nm0183258;
tt0460342;nm0951520;
tt0460342;nm0182839;
tt0460342;nm0220017;
tt0429031;nm0894211;
tt0429031;nm0075710;
tt0429031;nm0634159;
tt0414879;nm0239816;
tt0414879;nm0182839;
tt0414879;nm0305296;
tt0420884;nm0332709;
tt0420884;nm0086924;
tt0420884;nm0220017;
tt0425236;nm0001845;
tt0425236;nm0000300;
tt0425236;nm0000546;
tt0436546;nm0500976;
tt0436546;nm0182839;
tt0436546;nm0252979;
tt0427047;nm0182839;
tt0427047;nm0092184;
tt0427047;nm0864487;
tt0344510;nm0880484;
tt0344510;nm0851582;
tt0344510;nm0000149;
tt0375233;nm1708832;
tt0375233;nm1708683;
tt0375233;nm1708637;
tt0319061;nm0001215;
tt0319061;nm0000191;
tt0319061;nm0001082;
tt0364517;nm0182839;
tt0364517;nm1392135;
tt0364517;nm0133899;
tt0295721;nm0618651;
tt0295721;nm0225899;
tt0295721;nm0267188;
tt0288276;nm0494078;
tt0288276;nm0182839;
tt0288276;nm0508293;
tt0315309;nm0500976;
tt0315309;nm0182839;
tt0315309;nm0500977;
tt0460242;nm0346994;
tt0460242;nm0182839;
tt0460242;nm0346306;
tt0273015;nm0299663;
tt0273015;nm0182839;
tt0273015;nm1034323;
tt0263496;nm0182839;
tt0263496;nm0115730;
tt0263496;nm0119532;
tt1780701;nm0440294;
tt1780701;nm0618822;
tt1780701;nm0609368;
tt0261800;nm0603402;
tt0261800;nm0182839;
tt0261800;nm0536095;
tt0254517;nm0218690;
tt0254517;nm0182839;
tt0254517;nm0115730;
tt0409199;nm0182839;
tt0409199;nm0346306;
tt0409199;nm0670553;
tt0183869;nm0618651;
tt0183869;nm0225899;
tt0183869;nm0803558;
tt0220400;nm0431221;
tt0220400;nm0182839;
tt0220400;nm0243355;
tt0305237;nm0767585;
tt0305237;nm0182839;
tt0305237;nm0267188;
tt0181549;nm0580720;
tt0181549;nm0182839;
tt0181549;nm0822004;
tt3329220;nm0693569;
tt3329220;nm0182839;
tt3329220;nm0941868;
tt0179206;nm0874556;
tt0179206;nm0551761;
tt0179206;nm0182839;
tt0233945;nm0586370;
tt0233945;nm0182839;
tt0233945;nm0727369;
tt0152930;nm0618651;
tt0152930;nm0225899;
tt0152930;nm0182839;
tt2837332;nm0182839;
tt2837332;nm0486929;
tt2837332;nm0105472;
tt0210273;nm0356392;
tt0210273;nm0182839;
tt0210273;nm1200741;
tt3385664;nm0159390;
tt3385664;nm0182839;
tt3385664;nm0855754;
tt0117248;nm0067367;
tt0117248;nm0753696;
tt0117248;nm0220016;
tt0115650;nm0858022;
tt0115650;nm0512071;
tt0115650;nm0785684;
tt0109421;nm0182839;
tt0109421;nm0439344;
tt0109421;nm0011803;
tt0115928;nm0023832;
tt0115928;nm0758406;
tt0115928;nm0222922;
tt0233118;nm0134416;
tt0233118;nm0723759;
tt0233118;nm0727369;
tt0393792;nm0244019;
tt0393792;nm0182839;
tt0393792;nm0752137;
tt0171998;nm0052702;
tt0171998;nm0455967;
tt0171998;nm0517284;
tt0110034;nm0182839;
tt0110034;nm0575609;
tt0110034;nm0171764;
tt3412864;nm0182839;
tt3412864;nm0011803;
tt3412864;nm6162181;
tt0103442;nm0001600;
tt0103442;nm0126325;
tt0103442;nm0456909;
tt7636706;nm9421221;
tt7636706;nm9421222;
tt7636706;nm0182839;
tt2953250;nm5623883;
tt2953250;nm0609944;
tt2953250;nm0005253;
tt12330446;nm5105990;
tt12330446;nm5307500;
tt12330446;nm1257480;
tt14921098;nm4502607;
tt14921098;nm0744834;
tt2401814;nm13048745;
tt2401814;nm0954722;
tt2401814;nm13048746;
tt14357532;nm0001714;
tt14357532;nm11548086;
tt14357532;nm8154633;
tt7423322;nm1140666;
tt7423322;nm1524440;
tt7423322;nm1416330;
tt13005714;nm1873238;
tt13005714;nm10847939;
tt13005714;nm9936326;
tt8690814;nm3317649;
tt8690814;nm0758411;
tt8690814;nm3662636;
tt3513548;nm0005377;
tt3513548;nm3236159;
tt3513548;nm10263413;
tt9326056;nm10474357;
tt9326056;nm10474354;
tt9326056;nm10474356;
tt4532826;nm0004937;
tt4532826;nm5473782;
tt4532826;nm0578853;
tt8014232;nm2762524;
tt8014232;nm2752187;
tt8014232;nm9444645;
tt2069797;nm0165101;
tt2069797;nm1270009;
tt2069797;nm0333410;
tt6251076;nm0001714;
tt6251076;nm0083079;
tt6251076;nm7855818;
tt2361317;nm0322407;
tt2361317;nm0000255;
tt2361317;nm1102577;
tt5203824;nm1862168;
tt5203824;nm0283938;
tt5203824;nm0041003;
tt5929776;nm0000138;
tt5929776;nm0327944;
tt5929776;nm2559634;
tt5952266;nm5888533;
tt5952266;nm6627505;
tt5952266;nm1056413;
tt3455224;nm7241312;
tt3455224;nm5313975;
tt3455224;nm7241310;
tt0993846;nm1706767;
tt0993846;nm0000138;
tt0993846;nm3053338;
tt1206543;nm0000288;
tt1206543;nm0000729;
tt1206543;nm0757855;
tt2364841;nm0005493;
tt2364841;nm0000255;
tt2364841;nm2605345;
tt1124035;nm0000450;
tt1124035;nm0000123;
tt1124035;nm0316079;
tt1486185;nm0000198;
tt1486185;nm1086543;
tt1486185;nm0001305;
tt1148204;nm2265157;
tt1148204;nm0267812;
tt1148204;nm0765597;
tt0492931;nm2644217;
tt0492931;nm0000138;
tt0492931;nm2641758;
tt0403057;nm0001305;
tt0403057;nm0159776;
tt0403057;nm0000610;
tt0338751;nm0000138;
tt0338751;nm0000295;
tt0338751;nm0000949;
tt0364961;nm0000576;
tt0364961;nm0000332;
tt0364961;nm0915208;
tt5535276;nm1659547;
tt5535276;nm1638321;
tt5535276;nm0177896;
tt7740496;nm0001057;
tt7740496;nm0000949;
tt7740496;nm0177896;
tt11271038;nm0000576;
tt11271038;nm6076229;
tt11271038;nm11866274;
tt7959026;nm8423767;
tt7959026;nm1478076;
tt7959026;nm0000142;
tt1517451;nm0000385;
tt1517451;nm3078932;
tt1517451;nm0177896;
tt2005151;nm1886602;
tt2005151;nm1706767;
tt2005151;nm3111373;
tt4422836;nm1358539;
tt4422836;nm0004991;
tt4422836;nm1416330;
tt1179933;nm0000422;
tt1179933;nm0302330;
tt1179933;nm0935541;
tt2446980;nm0000134;
tt2446980;nm2225369;
tt2446980;nm0177896;
tt3829884;nm1597316;
tt3829884;nm0460206;
tt3829884;nm0174819;
tt2503944;nm1092227;
tt2503944;nm0117709;
tt2503944;nm0177896;
tt4341500;nm0603413;
tt4341500;nm0651008;
tt4341500;nm0748620;
tt1243974;nm1046097;
tt1243974;nm0177896;
tt1243974;nm1297015;
tt2179136;nm1092227;
tt2179136;nm0973177;
tt2179136;nm0177896;
tt1247690;nm0406975;
tt1247690;nm2225369;
tt1247690;nm0177896;
tt1800241;nm0000288;
tt1800241;nm0010736;
tt1800241;nm0177896;
tt3914298;nm0000949;
tt3914298;nm0252230;
tt3914298;nm0177896;
tt1951261;nm1159180;
tt1951261;nm0302108;
tt1951261;nm0177896;
tt0072562;nm0661094;
tt0072562;nm3594683;
tt0072562;nm0358669;
tt1045658;nm0000134;
tt1045658;nm2225369;
tt1045658;nm0177896;
tt1817273;nm0578949;
tt1817273;nm0331516;
tt1817273;nm0177896;
tt2097307;nm1009277;
tt2097307;nm0068338;
tt2097307;nm0177896;
tt1840417;nm1312575;
tt1840417;nm0000598;
tt1840417;nm0177896;
tt2094860;nm2699362;
tt2094860;nm0015196;
tt2094860;nm0177896;
tt1411697;nm1159180;
tt1411697;nm0302108;
tt1411697;nm0177896;
tt1219289;nm0295484;
tt1219289;nm0177896;
tt1219289;nm0180411;
tt0429493;nm0000553;
tt0429493;nm1663205;
tt0429493;nm0177896;
tt0817230;nm0004937;
tt0817230;nm0000210;
tt0817230;nm0004266;
tt0881891;nm0000113;
tt0881891;nm0177896;
tt0881891;nm0002006;
tt0795351;nm0272706;
tt0795351;nm0574534;
tt0795351;nm0000250;
tt1119646;nm0058581;
tt1119646;nm0302108;
tt1119646;nm0177896;
tt0361217;nm0573037;
tt0361217;nm0000613;
tt0361217;nm0909620;
tt1001508;nm0000098;
tt1001508;nm0000124;
tt1001508;nm0329481;
tt1068680;nm0000120;
tt1068680;nm0221046;
tt1068680;nm0177896;
tt0808399;nm0479471;
tt0808399;nm0000204;
tt0808399;nm0177896;
tt1542994;nm0933988;
tt1542994;nm0004715;
tt1542994;nm0837177;
tt1031969;nm1265802;
tt1031969;nm0933988;
tt1031969;nm0000775;
tt0805570;nm0005068;
tt0805570;nm0004753;
tt0805570;nm0177896;
tt0932669;nm0001987;
tt0932669;nm0063440;
tt0932669;nm0177896;
tt0790804;nm0462712;
tt0790804;nm0722647;
tt0790804;nm0001835;
tt0460654;nm0197855;
tt0460654;nm0107183;
tt0460654;nm0177896;
tt0285333;nm0525855;
tt0285333;nm0004950;
tt0285333;nm0726492;
tt0427229;nm0000190;
tt0427229;nm0000870;
tt0427229;nm0000572;
tt0396269;nm1046097;
tt0396269;nm0005562;
tt0396269;nm0000681;
tt0406429;nm0137856;
tt0406429;nm0001564;
tt0406429;nm0009716;
tt0203259;nm0002127;
tt0203259;nm0001384;
tt0203259;nm0005221;
tt0410997;nm0503567;
tt0410997;nm1668265;
tt0410997;nm0001441;
tt0383153;nm0340260;
tt0383153;nm0232998;
tt0383153;nm0267812;
tt0385013;nm0146536;
tt0385013;nm0000594;
tt0385013;nm0177896;
tt0362867;nm1128572;
tt0362867;nm0175633;
tt0362867;nm0000224;
tt0325706;nm0301370;
tt0325706;nm0000448;
tt0325706;nm0001259;
tt0396880;nm0795290;
tt0396880;nm0906476;
tt0396880;nm0085438;
tt0349193;nm1312500;
tt0349193;nm0301185;
tt0349193;nm0177896;
tt0280969;nm0426206;
tt0280969;nm0501210;
tt0280969;nm0642485;
tt0247135;nm0132301;
tt0247135;nm0304993;
tt0247135;nm0779866;
tt0243655;nm0000413;
tt0243655;nm0795290;
tt0243655;nm0001383;
tt0315641;nm0070452;
tt0315641;nm0012973;
tt0315641;nm0108758;
tt0159206;nm0004862;
tt0159206;nm0000326;
tt0159206;nm0000572;
tt8429660;nm0004874;
tt8429660;nm3666448;
tt7039498;nm2138653;
tt7039498;nm1727100;
tt7039498;nm0004874;
tt13629530;nm0881631;
tt13629530;nm1877441;
tt13629530;nm0680983;
tt8322592;nm2236836;
tt8322592;nm0692677;
tt8322592;nm0246612;
tt5433138;nm0108287;
tt5433138;nm0004874;
tt5433138;nm0735442;
tt1634106;nm0004874;
tt1634106;nm1537825;
tt1634106;nm2555462;
tt7752082;nm0345477;
tt7752082;nm3954896;
tt7752082;nm0001836;
tt4630562;nm0004874;
tt4630562;nm0425005;
tt4630562;nm0005458;
tt1618442;nm0000704;
tt1618442;nm3310211;
tt1618442;nm0004874;
tt2820852;nm0908094;
tt2820852;nm0004874;
tt2820852;nm0425005;
tt3655326;nm6414494;
tt3655326;nm6414501;
tt3655326;nm6414502;
tt1411250;nm0881631;
tt1411250;nm0004874;
tt1411250;nm0755267;
tt1905041;nm0908094;
tt1905041;nm0004874;
tt1905041;nm0425005;
tt2433614;nm5305118;
tt2433614;nm0602605;
tt2433614;nm0541514;
tt2084685;nm2137652;
tt2084685;nm0006878;
tt2084685;nm0579460;
tt1596343;nm0908094;
tt1596343;nm0004874;
tt1596343;nm0425005;
tt1538503;nm0437646;
tt1538503;nm0004874;
tt1538503;nm0735442;
tt1013752;nm0908094;
tt1013752;nm0004874;
tt1013752;nm0735442;
tt0465494;nm1385871;
tt0465494;nm0779084;
tt0465494;nm0648249;
tt0296572;nm0272173;
tt0296572;nm0004874;
tt0296572;nm0001132;
tt0266465;nm0004874;
tt0266465;nm0005478;
tt0266465;nm0648249;
tt0149171;nm0004874;
tt0149171;nm0214114;
tt0149171;nm0456674;
tt0226168;nm0300700;
tt0226168;nm0004874;
tt0226168;nm0825301;
tt4978420;nm0000130;
tt4978420;nm0000949;
tt4978420;nm0366389;
tt18783984;nm1357683;
tt18783984;nm0085312;
tt18783984;nm0393222;
tt21054464;nm1627732;
tt21054464;nm0085312;
tt21054464;nm0309307;
tt11947288;nm3155085;
tt11947288;nm1827939;
tt11947288;nm0729699;
tt14035218;nm3086712;
tt14035218;nm2349292;
tt14035218;nm7997233;
tt12316448;nm0005000;
tt12316448;nm7430120;
tt12316448;nm8983503;
tt12597800;nm5939164;
tt12597800;nm0001661;
tt12597800;nm0502073;
tt7975244;nm0425005;
tt7975244;nm0085312;
tt7975244;nm0366389;
tt9082222;nm0085312;
tt9082222;nm0309307;
tt5664636;nm5589690;
tt5664636;nm5582294;
tt5664636;nm1018488;
tt2119543;nm6236783;
tt2119543;nm0000949;
tt2119543;nm0085312;
tt6010806;nm2372502;
tt6010806;nm8403065;
tt6010806;nm3333648;
tt8796482;nm0055003;
tt8796482;nm2974430;
tt8796482;nm0085312;
tt2712612;nm1854497;
tt2712612;nm1169531;
tt2712612;nm3286433;
tt6288124;nm1706767;
tt6288124;nm0001618;
tt6288124;nm1913734;
tt14243118;nm0085312;
tt14243118;nm2394794;
tt14243118;nm0366389;
tt2283362;nm0425005;
tt2283362;nm2394794;
tt2283362;nm0366389;
tt3230454;nm1671147;
tt3230454;nm0287182;
tt3230454;nm0005064;
tt7353582;nm1789914;
tt7353582;nm7204080;
tt7353582;nm0085312;
tt5539052;nm2809577;
tt5539052;nm0085312;
tt5539052;nm0005403;
tt5533758;nm6187096;
tt5533758;nm1363595;
tt5533758;nm3552502;
tt1051904;nm3843467;
tt1051904;nm0085312;
tt1051904;nm1910255;
tt4677934;nm0352778;
tt4677934;nm0000545;
tt4677934;nm0035488;
tt3216586;nm1032567;
tt3216586;nm0000209;
tt3216586;nm0085312;
tt3593432;nm1641089;
tt3593432;nm0919382;
tt3593432;nm1641251;
tt3463606;nm6212234;
tt3463606;nm0000565;
tt3463606;nm0097077;
tt1610527;nm2981082;
tt1610527;nm2981935;
tt1610527;nm2796745;
tt2690138;nm0005188;
tt2690138;nm1063517;
tt2690138;nm0085312;
tt15876452;nm1569897;
tt15876452;nm1221178;
tt15876452;nm0085312;
tt4538292;nm4137949;
tt4538292;nm0001504;
tt4538292;nm0085312;
tt11091526;nm8846231;
tt11091526;nm0085312;
tt11091526;nm0496899;
tt1956620;nm1117791;
tt1956620;nm0781981;
tt1956620;nm0000139;
tt3397576;nm3373248;
tt3397576;nm0085312;
tt3397576;nm0035488;
tt7529556;nm1627732;
tt7529556;nm0085312;
tt7529556;nm0309307;
tt0839188;nm0000434;
tt0839188;nm0806430;
tt0839188;nm0085116;
tt3171226;nm2005930;
tt3171226;nm2140322;
tt3171226;nm3675501;
tt2188892;nm0042006;
tt2188892;nm0004715;
tt2188892;nm1894391;
tt7529552;nm1627732;
tt7529552;nm0085312;
tt7529552;nm0309307;
tt7529548;nm1627732;
tt7529548;nm0085312;
tt7529548;nm0309307;
tt2396719;nm0085312;
tt2396719;nm1144419;
tt2396719;nm0309307;
tt7529532;nm0167859;
tt7529532;nm0085312;
tt7529532;nm2382719;
tt7529502;nm1169011;
tt7529502;nm0085312;
tt7529502;nm0309307;
tt1204342;nm0010736;
tt1204342;nm0177933;
tt1204342;nm0781981;
tt1053810;nm0005562;
tt1053810;nm0000188;
tt1053810;nm0085312;
tt1704573;nm0000190;
tt1704573;nm0085312;
tt1704573;nm0000511;
tt1500363;nm1156809;
tt1500363;nm1245854;
tt1500363;nm8040795;
tt1791504;nm0000704;
tt1791504;nm1144419;
tt1791504;nm0736622;
tt1320261;nm1289434;
tt1320261;nm0085312;
tt1320261;nm0781981;
tt0972534;nm0999117;
tt0972534;nm1390614;
tt0972534;nm1388927;
tt1754671;nm2965079;
tt1754671;nm1065229;
tt1754671;nm0085312;
tt1439629;nm2255973;
tt1439629;nm0570364;
tt1439629;nm2209821;
tt1045778;nm0085312;
tt1045778;nm1312575;
tt1045778;nm0148418;
tt1485725;nm0085312;
tt1485725;nm1967762;
tt1485725;nm0266422;
tt0386676;nm0136797;
tt0386676;nm0278979;
tt0386676;nm1024677;
tt2387414;nm1363595;
tt2387414;nm1543633;
tt2387414;nm2466457;
tt8537160;nm0123741;
tt8537160;nm1559927;
tt8537160;nm0085312;
tt1337123;nm2081585;
tt1337123;nm0158632;
tt1337123;nm2625816;
tt1367144;nm3286232;
tt1367144;nm3285719;
tt1367144;nm3227028;
tt0942385;nm0001774;
tt0942385;nm0000375;
tt0942385;nm0085312;
tt1503278;nm1169531;
tt1503278;nm0085312;
tt1503278;nm1327303;
tt0799934;nm0085312;
tt0799934;nm0000418;
tt0799934;nm0080049;
tt0841046;nm0278979;
tt0841046;nm0000604;
tt0841046;nm0472710;
tt0096697;nm0733427;
tt0096697;nm0004813;
tt0096697;nm0144657;
tt0757361;nm0000173;
tt0757361;nm0000492;
tt0757361;nm1552919;
tt2387390;nm1363595;
tt2387390;nm0085312;
tt2387390;nm0204797;
tt0804423;nm2536113;
tt0804423;nm0020405;
tt0804423;nm0462712;
tt0457939;nm0000701;
tt0457939;nm0000179;
tt0457939;nm0000139;
tt2940736;nm0085312;
tt2940736;nm0309307;
tt2940736;nm0715469;
tt7529480;nm0085312;
tt7529480;nm0309307;
tt7529460;nm1627732;
tt7529460;nm0085312;
tt7529460;nm0309307;
tt0365830;nm0085312;
tt0365830;nm0309307;
tt0365830;nm0715469;
tt8701324;nm0342970;
tt8701324;nm1114236;
tt8701324;nm2375580;
tt0457510;nm0085312;
tt0457510;nm0478886;
tt0457510;nm0422948;
tt0470995;nm1778103;
tt0470995;nm1056583;
tt0470995;nm1980880;
tt0887871;nm1672246;
tt0887871;nm1676223;
tt0887871;nm1676221;
tt0360717;nm0085312;
tt0360717;nm0004778;
tt0360717;nm0915208;
tt0478870;nm0168568;
tt0478870;nm1363595;
tt0478870;nm0204797;
tt0425720;nm1727367;
tt0425720;nm0183960;
tt0425720;nm1728099;
tt0357413;nm0136797;
tt0357413;nm0002071;
tt0357413;nm0000775;
tt0326856;nm0001774;
tt0326856;nm0001838;
tt0326856;nm0085312;
tt0367313;nm0762424;
tt0367313;nm0788340;
tt0367313;nm0001520;
tt7826678;nm0085312;
tt7826678;nm0342970;
tt0435563;nm1363595;
tt0435563;nm0085312;
tt0435563;nm12600016;
tt1260906;nm3071881;
tt1260906;nm0848182;
tt1260906;nm1750822;
tt0360301;nm0000704;
tt0360301;nm0670780;
tt0360301;nm0000245;
tt0157246;nm0005259;
tt0157246;nm0005226;
tt0157246;nm0005202;
tt0332379;nm0000349;
tt0332379;nm0085312;
tt0332379;nm0925234;
tt9855366;nm3164594;
tt9855366;nm3762613;
tt9855366;nm1832025;
tt0323633;nm0697037;
tt0323633;nm0088392;
tt0323633;nm0183960;
tt0274234;nm1114194;
tt0274234;nm0004873;
tt0274234;nm1143764;
tt1562891;nm0548582;
tt1562891;nm0452716;
tt1562891;nm0085312;
tt0305011;nm0520488;
tt0305011;nm0567912;
tt0305011;nm0287182;
tt0331527;nm0001264;
tt0331527;nm0001497;
tt0331527;nm0085312;
tt7529454;nm0085312;
tt7529454;nm0342970;
tt7529454;nm0309307;
tt0258100;nm0644022;
tt0258100;nm0189144;
tt0258100;nm0852072;
tt0273923;nm0004988;
tt0273923;nm0085312;
tt0273923;nm0004922;
tt0256380;nm0004517;
tt0256380;nm0085312;
tt0256380;nm0000569;
tt6810432;nm1627732;
tt6810432;nm0085312;
tt6810432;nm0309307;
tt0295967;nm0559728;
tt0295967;nm0664146;
tt0295967;nm0000604;
tt7529474;nm0085312;
tt7529474;nm0309307;
tt0239948;nm0001872;
tt0239948;nm0085312;
tt0239948;nm0004755;
tt0180241;nm1627732;
tt0180241;nm0085312;
tt0180241;nm0309307;
tt0146882;nm0005013;
tt0146882;nm0000131;
tt0146882;nm0521974;
tt8212388;nm0065059;
tt8212388;nm0085312;
tt8212388;nm1334944;
tt6666884;nm1454411;
tt6666884;nm0085312;
tt6666884;nm0309307;
tt0186253;nm0446830;
tt0186253;nm0001082;
tt0186253;nm0112292;
tt0166252;nm0000633;
tt0166252;nm0001009;
tt0166252;nm0779866;
tt0150216;nm0000349;
tt0150216;nm0000279;
tt0150216;nm0001952;
tt0120660;nm0000226;
tt0120660;nm0000432;
tt0120660;nm0000685;
tt0130018;nm0001349;
tt0130018;nm0005275;
tt0130018;nm0005327;
tt0125678;nm0000504;
tt0125678;nm0001860;
tt0125678;nm0005561;
tt0119416;nm0001475;
tt0119416;nm0000531;
tt0119416;nm0001251;
tt0119395;nm0000152;
tt0119395;nm0000246;
tt0119395;nm0001627;
tt0112084;nm0257890;
tt0112084;nm0644022;
tt0112084;nm0189144;
tt0116996;nm0000112;
tt0116996;nm0000197;
tt0116996;nm0000572;
tt0115985;nm0000442;
tt0115985;nm0001038;
tt0115985;nm0934179;
tt0116277;nm0000134;
tt0116277;nm0000289;
tt0116277;nm0000648;
tt0115798;nm0000120;
tt0115798;nm0000111;
tt0115798;nm0005182;
tt0103512;nm0000643;
tt0103512;nm0000452;
tt0103512;nm0000834;
tt0115683;nm0040472;
tt0115683;nm0000286;
tt0115683;nm0001736;
tt0112818;nm0000576;
tt0112818;nm0698764;
tt0112818;nm0000215;
tt0112163;nm0001738;
tt0112163;nm0001840;
tt0112163;nm0806217;
tt0108968;nm0005343;
tt0108968;nm0004884;
tt0108968;nm0004891;
tt0106179;nm0000141;
tt0106179;nm0683379;
tt0106179;nm0000096;
tt0114898;nm0000126;
tt0114898;nm0000675;
tt0114898;nm0000454;
tt0112129;nm0005315;
tt0112129;nm0081572;
tt0112129;nm0005352;
tt0112606;nm0001642;
tt0112606;nm0000546;
tt0112606;nm0001663;
tt0108693;nm0384032;
tt0108693;nm0158632;
tt0108693;nm0519023;
tt0108863;nm0001857;
tt0108863;nm0001710;
tt0108863;nm0123632;
tt0110647;nm0725284;
tt0110647;nm0443139;
tt0110647;nm0085312;
tt0110139;nm0237164;
tt0110139;nm0462116;
tt0110139;nm0001288;
tt0109294;nm0000800;
tt0109294;nm0001108;
tt0109294;nm0000223;
tt0098878;nm0005508;
tt0098878;nm0001555;
tt0098878;nm0179224;
tt0106697;nm0000113;
tt0106697;nm0000230;
tt0106697;nm0000648;
tt0106233;nm0001293;
tt0106233;nm0567574;
tt0106233;nm0694044;
tt0107519;nm0425610;
tt0107519;nm0000959;
tt0107519;nm0000461;
tt0096635;nm0005192;
tt0096635;nm0526985;
tt0096635;nm0121630;
tt0103431;nm0501802;
tt0103431;nm0001497;
tt0103431;nm0175305;
tt0103426;nm0001516;
tt0103426;nm0924508;
tt0103426;nm0001268;
tt0103850;nm0002064;
tt0103850;nm0000209;
tt0103850;nm0000614;
tt0102612;nm0301178;
tt0102612;nm0681882;
tt0102612;nm0000970;
tt0081859;nm0056492;
tt0081859;nm0000516;
tt0081859;nm0001793;
tt20221436;nm1411125;
tt20221436;nm0757855;
tt20221436;nm1035423;
tt13111078;nm5315658;
tt13111078;nm0757855;
tt5637536;nm0000706;
tt5637536;nm0941777;
tt5637536;nm0757855;
tt3095356;nm0000706;
tt3095356;nm0941777;
tt3095356;nm0757855;
tt1757678;nm0000706;
tt1757678;nm0941777;
tt1757678;nm0757855;
tt11252254;nm5177845;
tt11252254;nm8940257;
tt11252254;nm0757855;
tt1630029;nm0000706;
tt1630029;nm0000701;
tt1630029;nm0757855;
tt10304142;nm0000288;
tt10304142;nm5896355;
tt10304142;nm3053338;
tt10353588;nm1330560;
tt10353588;nm0757855;
tt10353588;nm0001823;
tt2463208;nm11880640;
tt2463208;nm0749263;
tt2463208;nm0005351;
tt8787772;nm1509613;
tt8787772;nm0048389;
tt8787772;nm0757855;
tt8976576;nm3663271;
tt8976576;nm7344295;
tt8976576;nm7820636;
tt12255172;nm2706388;
tt12255172;nm1057928;
tt12255172;nm0005128;
tt11595634;nm0005028;
tt11595634;nm0757855;
tt11595634;nm0000569;
tt11265752;nm0430107;
tt11265752;nm1006024;
tt11265752;nm4260015;
tt8259532;nm4341891;
tt8259532;nm1312575;
tt8259532;nm1013044;
tt7799720;nm0316271;
tt7799720;nm0757855;
tt7799720;nm8439834;
tt4547194;nm1782299;
tt4547194;nm0757855;
tt4547194;nm4068901;
tt7259400;nm6225034;
tt7259400;nm6007014;
tt7259400;nm2814110;
tt2660888;nm0704270;
tt2660888;nm0881631;
tt2660888;nm1517976;
tt0493076;nm0541039;
tt0493076;nm0654648;
tt0493076;nm0757855;
tt3087752;nm1140666;
tt3087752;nm0000962;
tt3087752;nm0757855;
tt1969062;nm0749263;
tt1969062;nm5602167;
tt1969062;nm0757855;
tt1408101;nm0704270;
tt1408101;nm1517976;
tt1408101;nm0757855;
tt1657507;nm0890232;
tt1657507;nm0089485;
tt1657507;nm0757855;
tt1135084;nm0159789;
tt1135084;nm2093097;
tt1135084;nm0000369;
tt1687235;nm0000413;
tt1687235;nm1441109;
tt1687235;nm0342399;
tt1283887;nm1512166;
tt1283887;nm0001518;
tt1283887;nm0683253;
tt0480255;nm0252961;
tt0480255;nm0604742;
tt0480255;nm0757855;
tt1321509;nm0202966;
tt1321509;nm0001454;
tt1321509;nm0001674;
tt0499549;nm0941777;
tt0499549;nm0000244;
tt0499549;nm0757855;
tt0796366;nm0704270;
tt0796366;nm1517976;
tt0796366;nm0670408;
tt0493451;nm0004857;
tt0493451;nm0000792;
tt0493451;nm0757855;
tt0443274;nm0001845;
tt0443274;nm0289142;
tt0443274;nm0000598;
tt0822791;nm0942482;
tt0822791;nm0887708;
tt0822791;nm0757855;
tt0801427;nm0379596;
tt0801427;nm0159776;
tt0801427;nm0005256;
tt0465375;nm1504678;
tt0465375;nm0004825;
tt0465375;nm0089456;
tt0455841;nm0365445;
tt0455841;nm0757855;
tt0455841;nm0924552;
tt0451166;nm0004991;
tt0451166;nm0592923;
tt0451166;nm0757855;
tt0434172;nm1773122;
tt0434172;nm0023238;
tt0434172;nm2657202;
tt0407732;nm0001164;
tt0407732;nm0893257;
tt0407732;nm0000327;
tt0372237;nm0005110;
tt0372237;nm0005170;
tt0372237;nm0757855;
tt0315431;nm0005517;
tt0315431;nm0001850;
tt0315431;nm0757855;
tt0339771;nm0148964;
tt0339771;nm0664238;
tt0339771;nm0757855;
tt0386504;nm0115671;
tt0386504;nm0000200;
tt0386504;nm0089217;
tt0362227;nm0001876;
tt0362227;nm0000158;
tt0362227;nm0564277;
tt0325980;nm0000136;
tt0325980;nm0089217;
tt0325980;nm0001691;
tt0303933;nm0134244;
tt0303933;nm0428963;
tt0303933;nm0757855;
tt0275022;nm0005453;
tt0275022;nm0609845;
tt0275022;nm0757855;
tt0275688;nm0427389;
tt0275688;nm0625099;
tt0275688;nm0757855;
tt0192071;nm0000379;
tt0192071;nm0756089;
tt0192071;nm0004936;
tt0210616;nm0830059;
tt0210616;nm0705492;
tt0210616;nm0776040;
tt7971476;nm4805317;
tt7971476;nm2377903;
tt7971476;nm3614913;
tt2250912;nm0000474;
tt2250912;nm0000375;
tt2250912;nm4043618;
tt5507340;nm4155898;
tt5507340;nm0089788;
tt5507340;nm0005547;
tt3045616;nm0000136;
tt3045616;nm0000191;
tt3045616;nm0000569;
tt1930123;nm0001435;
tt1930123;nm0117857;
tt1930123;nm0185078;
tt1327801;nm0528331;
tt1327801;nm1285162;
tt1327801;nm0584951;
tt1300854;nm0000375;
tt1300854;nm0001602;
tt1300854;nm0000569;
tt1932718;nm0749263;
tt1932718;nm0000209;
tt1932718;nm0000569;
tt2087571;nm0058581;
tt2087571;nm0710330;
tt2087571;nm2415436;
tt7757842;nm0005210;
tt7757842;nm0000569;
tt1555064;nm1330560;
tt1555064;nm1015262;
tt1555064;nm0000569;
tt2999198;nm1778870;
tt2999198;nm4450035;
tt2999198;nm0000569;
tt1103275;nm0001618;
tt1103275;nm0005416;
tt1103275;nm0000569;
tt0484111;nm0293509;
tt0484111;nm0004851;
tt0484111;nm0000569;
tt0439289;nm0189200;
tt0439289;nm0000906;
tt0439289;nm0004051;
tt0452643;nm0722629;
tt0452643;nm0851113;
tt0452643;nm0005261;
tt0420609;nm0000113;
tt0420609;nm0429363;
tt0420609;nm0185819;
tt0377107;nm0204706;
tt0377107;nm0000164;
tt0377107;nm0000569;
tt0346156;nm0001401;
tt0346156;nm0000179;
tt0346156;nm0000569;
tt0325055;nm0185819;
tt0325055;nm0000569;
tt0325055;nm1275283;
tt0264150;nm0000775;
tt0264150;nm0000569;
tt0264150;nm0000593;
tt0256276;nm0001173;
tt0256276;nm0000562;
tt0256276;nm0000569;
tt0295178;nm0001293;
tt0295178;nm0000196;
tt0295178;nm0461498;
tt0265666;nm0001378;
tt0265666;nm0000432;
tt0265666;nm0000569;
tt0254099;nm0000121;
tt0254099;nm0000492;
tt0254099;nm0001086;
tt0186894;nm0000449;
tt0186894;nm0000255;
tt0186894;nm0000569;
tt0134630;nm0507271;
tt0134630;nm0316079;
tt0134630;nm0000569;
tt0210413;nm0582939;
tt0210413;nm0641168;
tt0210413;nm0026879;
tt0134119;nm0000354;
tt0134119;nm0000179;
tt0134119;nm0000569;
tt0120655;nm0000354;
tt0120655;nm0000255;
tt0120655;nm0000400;
tt0138097;nm0001212;
tt0138097;nm0000569;
tt0138097;nm0001691;
tt0118744;nm0001448;
tt0118744;nm0000628;
tt0118744;nm0000569;
tt0120787;nm0000140;
tt0120787;nm0001557;
tt0120787;nm0000569;
tt0119223;nm0000279;
tt0119223;nm0000160;
tt0119223;nm0000569;
tt0120148;nm0001487;
tt0120148;nm0001314;
tt0120148;nm0000569;
tt0116191;nm0181920;
tt0116191;nm0000627;
tt0116191;nm0000569;
tt0117283;nm0001650;
tt0117283;nm0001710;
tt0117283;nm0000569;
tt0113851;nm0000155;
tt0113851;nm0000678;
tt0113851;nm0001610;
tt0114369;nm0000151;
tt0114369;nm0000093;
tt0114369;nm0000228;
tt0113463;nm0000560;
tt0113463;nm0000627;
tt0113463;nm0000569;
tt0113305;nm0001650;
tt0113305;nm0001785;
tt0113305;nm0004898;
tt0110588;nm0000492;
tt0110588;nm0001714;
tt0110588;nm0000111;
tt0106926;nm0001001;
tt0106926;nm0000212;
tt0106926;nm0000598;
tt0107497;nm0000285;
tt0107497;nm0000173;
tt0107497;nm0000597;
tt0106687;nm0001810;
tt0106687;nm0001193;
tt0106687;nm0000569;
tt0104031;nm0569847;
tt0104031;nm0036127;
tt0104031;nm0001100;
tt0102057;nm0000210;
tt0102057;nm0000163;
tt0102057;nm0000245;
tt0102913;nm0910256;
tt0102913;nm0001287;
tt0102913;nm0000237;
tt2933136;nm0103785;
tt2933136;nm0057654;
tt2933136;nm0206259;
tt2094116;nm0364813;
tt2094116;nm0000375;
tt2094116;nm0000179;
tt2461172;nm1221906;
tt2461172;nm0000375;
tt2461172;nm0124930;
tt15398776;nm0000546;
tt15398776;nm4425051;
tt15398776;nm0614165;
tt7006122;nm0269463;
tt7006122;nm0000375;
tt7006122;nm4043618;
tt3799694;nm0331516;
tt3799694;nm3886028;
tt3799694;nm0000128;
tt3498820;nm0000375;
tt3498820;nm0262635;
tt3498820;nm0424060;
tt1872194;nm0000375;
tt1872194;nm0000380;
tt1872194;nm0267812;
tt2883512;nm0269463;
tt2883512;nm0000375;
tt2883512;nm0424060;
tt1515091;nm0364813;
tt1515091;nm0000375;
tt1515091;nm0000179;
tt1231583;nm1157358;
tt1231583;nm0000375;
tt1231583;nm0302108;
tt1686782;nm0121651;
tt1686782;nm1506908;
tt1686782;nm1500155;
tt0988045;nm1046097;
tt0988045;nm0000375;
tt0988045;nm0000179;
tt0821642;nm0004937;
tt0821642;nm0000375;
tt0821642;nm0001416;
tt0800080;nm0000239;
tt0800080;nm0000619;
tt0800080;nm0001570;
tt0423977;nm0000375;
tt0423977;nm0204706;
tt0423977;nm0947338;
tt0338216;nm0051509;
tt0338216;nm0000380;
tt0338216;nm0000106;
tt0443706;nm0749263;
tt0443706;nm0000375;
tt0443706;nm0350453;
tt0422295;nm0000173;
tt0422295;nm0123092;
tt0422295;nm0000375;
tt0405296;nm0000213;
tt0405296;nm0000375;
tt0405296;nm0000206;
tt0393735;nm0004862;
tt0393735;nm0000741;
tt0393735;nm0452929;
tt0473488;nm0479471;
tt0473488;nm0000375;
tt0473488;nm0206257;
tt0182576;nm0001293;
tt0182576;nm0097504;
tt0182576;nm0532235;
tt0433383;nm0000657;
tt0433383;nm0000123;
tt0433383;nm0165101;
tt0373469;nm1157358;
tt0373469;nm0000375;
tt0373469;nm0000174;
tt0425055;nm0000474;
tt0425055;nm0000375;
tt0425055;nm0001162;
tt0343663;nm0000375;
tt0343663;nm0000084;
tt0343663;nm0000273;
tt0348836;nm0000375;
tt0348836;nm0000932;
tt0348836;nm0004851;
tt0344554;nm0000619;
tt0344554;nm0000375;
tt0344554;nm0001605;
tt0314676;nm0000375;
tt0314676;nm0000154;
tt0314676;nm0000705;
tt0118254;nm0001222;
tt0118254;nm0314524;
tt0118254;nm0005105;
tt0358565;nm0000375;
tt0358565;nm0122653;
tt0358565;nm0312173;
tt0403851;nm11968075;
tt0403851;nm0000375;
tt0403851;nm0000116;
tt0185014;nm0000140;
tt0185014;nm0001497;
tt0185014;nm0000531;
tt0165643;nm0001774;
tt0165643;nm0000629;
tt0165643;nm0396796;
tt0131325;nm0000552;
tt0131325;nm0000188;
tt0131325;nm0001287;
tt0143261;nm0627624;
tt0143261;nm0001572;
tt0143261;nm0000286;
tt0120710;nm0000906;
tt0120710;nm0000375;
tt0120710;nm0756218;
tt0120873;nm0000375;
tt0120873;nm0000648;
tt0120873;nm0000169;
tt0119196;nm0000375;
tt0119196;nm0001110;
tt0119196;nm0000110;
tt0119327;nm0095478;
tt0119327;nm0000532;
tt0119327;nm0000192;
tt0124179;nm0000375;
tt0124179;nm0906031;
tt0124179;nm0001287;
tt0119832;nm0001492;
tt0119832;nm0000648;
tt0119832;nm0000176;
tt0116016;nm0846480;
tt0116016;nm0000708;
tt0116016;nm0000375;
tt0114272;nm0000667;
tt0114272;nm0000375;
tt0114272;nm0000554;
tt0124013;nm0000330;
tt0124013;nm0000375;
tt0124013;nm0000558;
tt0113321;nm0000375;
tt0113321;nm0000843;
tt0113321;nm0000456;
tt0114279;nm0000906;
tt0114279;nm0100815;
tt0114279;nm0005212;
tt0110737;nm0000673;
tt0110737;nm0000375;
tt0110737;nm0001372;
tt0110632;nm0000437;
tt0110632;nm0001744;
tt0110632;nm0000496;
tt0108122;nm0000194;
tt0108122;nm0000209;
tt0108122;nm0000510;
tt0107091;nm0005569;
tt0107091;nm0000375;
tt0107091;nm0001301;
tt0103939;nm0722631;
tt0103939;nm0000375;
tt0103939;nm0001036;
tt0102951;nm0000177;
tt0102951;nm0000398;
tt0102951;nm0001550;
tt0103100;nm0033458;
tt0103100;nm0000375;
tt0103100;nm0003318;
tt0099005;nm0001802;
tt0099005;nm0000154;
tt0099005;nm0000375;
tt0097044;nm0641939;
tt0097044;nm0000375;
tt0097044;nm0001732;
tt0098524;nm0000249;
tt0098524;nm0000375;
tt0098524;nm0171513;
tt0098464;nm0709704;
tt0098464;nm0005467;
tt0098464;nm0168394;
tt0094594;nm0001136;
tt0094594;nm0000662;
tt0094594;nm0000375;
tt0095409;nm0001309;
tt0095409;nm0000375;
tt0095409;nm0322339;
tt0093407;nm0000530;
tt0093407;nm0000415;
tt0093407;nm0000375;
tt0095978;nm0611898;
tt0095978;nm0000236;
tt0095978;nm0790071;
tt0093737;nm0000375;
tt0093737;nm0000208;
tt0093737;nm0000454;
tt0090629;nm0689488;
tt0090629;nm0635649;
tt0090629;nm0342245;
tt0090685;nm0001098;
tt0090685;nm0949350;
tt0090685;nm0001419;
tt0253020;nm0244243;
tt0253020;nm0444972;
tt0253020;nm0000375;
tt0088579;nm0001715;
tt0088579;nm0000515;
tt0088579;nm0001512;
tt0090305;nm0001456;
tt0090305;nm0001309;
tt0090305;nm0593819;
tt0089208;nm0086014;
tt0089208;nm0947010;
tt0089208;nm0629278;
tt0090213;nm0000652;
tt0090213;nm0597857;
tt0090213;nm0001668;
tt0087263;nm0000414;
tt0087263;nm0000693;
tt0087263;nm0171754;
tt0085208;nm0001759;
tt0085208;nm0581008;
tt0085208;nm0000275;
tt0068659;nm0376318;
tt0068659;nm0026035;
tt0068659;nm1511554;
tt0066234;nm0257552;
tt0066234;nm0337928;
tt0066234;nm0182582;
tt1654526;nm2851530;
tt1654526;nm0002907;
tt13016388;nm4263213;
tt13016388;nm0938950;
tt13016388;nm2555462;
tt7645334;nm1840504;
tt7645334;nm6408859;
tt7645334;nm0004286;
tt14807308;nm1670601;
tt14807308;nm1659547;
tt14807308;nm0608090;
tt13669038;nm2976580;
tt13669038;nm0924210;
tt13669038;nm1913734;
tt1655389;nm0134072;
tt1655389;nm1869101;
tt1655389;nm0004778;
tt13249596;nm5245722;
tt13249596;nm0000412;
tt13249596;nm0002065;
tt11685912;nm1782299;
tt11685912;nm0000666;
tt11685912;nm0000982;
tt9615014;nm9571224;
tt9615014;nm0004715;
tt9615014;nm6532676;
tt13622108;nm1354496;
tt13622108;nm12933917;
tt13622108;nm12932920;
tt6704972;nm0249291;
tt6704972;nm9096847;
tt6704972;nm10229945;
tt13217756;nm2239702;
tt13217756;nm0000179;
tt13217756;nm3506828;
tt10482370;nm2742856;
tt10482370;nm0428765;
tt10482370;nm0000179;
tt9076562;nm0136797;
tt9076562;nm0177933;
tt9076562;nm0126284;
tt10633456;nm3081796;
tt10633456;nm10910136;
tt10633456;nm3680658;
tt8143990;nm0420955;
tt8143990;nm0000700;
tt8143990;nm0939697;
tt7984766;nm6077951;
tt7984766;nm5994557;
tt7984766;nm1433660;
tt2935510;nm0000093;
tt2935510;nm1550948;
tt2935510;nm0000169;
tt7563270;nm3480246;
tt7563270;nm2797756;
tt7563270;nm0836432;
tt4635282;nm1779870;
tt4635282;nm0005042;
tt4635282;nm0934113;
tt4353250;nm8629338;
tt4353250;nm1726032;
tt4353250;nm3718007;
tt6266538;nm0000288;
tt6266538;nm0010736;
tt6266538;nm0136797;
tt7125860;nm8460487;
tt7125860;nm4150847;
tt7125860;nm0005093;
tt1226837;nm0136797;
tt1226837;nm6244013;
tt1226837;nm0005491;
tt5884230;nm0001774;
tt5884230;nm3641002;
tt5884230;nm0278979;
tt4758646;nm0000093;
tt4758646;nm0079418;
tt4758646;nm1910274;
tt3967856;nm3673821;
tt3967856;nm0842770;
tt3967856;nm0200452;
tt1212428;nm1092227;
tt1212428;nm1500155;
tt1212428;nm0402271;
tt4975722;nm5218990;
tt4975722;nm0991810;
tt4975722;nm0365140;
tt1596363;nm0000288;
tt1596363;nm0136797;
tt1596363;nm0331516;
tt3707106;nm0001401;
tt3707106;nm0491259;
tt3707106;nm0000093;
tt2273657;nm1706767;
tt2273657;nm0428065;
tt2273657;nm0290556;
tt1020072;nm0252238;
tt1020072;nm0654648;
tt1020072;nm0001856;
tt2713180;nm0000093;
tt2713180;nm0479471;
tt2713180;nm0503567;
tt0795174;nm7173961;
tt0795174;nm9672566;
tt0795174;nm5885582;
tt3042800;nm2368508;
tt3042800;nm2049889;
tt3042800;nm0654648;
tt1684226;nm0749263;
tt1684226;nm2676147;
tt1684226;nm2774571;
tt2024544;nm0252230;
tt2024544;nm0931324;
tt2024544;nm1055413;
tt1650554;nm1093951;
tt1650554;nm1631269;
tt1650554;nm2395586;
tt0816711;nm0000093;
tt0816711;nm0257969;
tt0816711;nm2020146;
tt2647586;nm0002023;
tt2647586;nm0004920;
tt2647586;nm0004898;
tt0486531;nm0001804;
tt0486531;nm1065229;
tt0486531;nm0005024;
tt1764234;nm0000093;
tt1764234;nm0000501;
tt1764234;nm0420955;
tt2125653;nm0418659;
tt2125653;nm10981839;
tt2125653;nm0800108;
tt0478304;nm0000093;
tt0478304;nm1567113;
tt0478304;nm0000576;
tt0879870;nm0000849;
tt0879870;nm0000210;
tt0879870;nm0420955;
tt1250777;nm0000115;
tt1250777;nm1093951;
tt1250777;nm1631269;
tt0452694;nm0051509;
tt0452694;nm0515296;
tt0452694;nm1046097;
tt1134629;nm0000273;
tt1134629;nm0000705;
tt1134629;nm0082802;
tt0871425;nm0001212;
tt0871425;nm0005251;
tt0871425;nm0001100;
tt0443680;nm0000093;
tt0443680;nm0001731;
tt0443680;nm0000729;
tt0829459;nm0001401;
tt0829459;nm0001246;
tt0829459;nm0451234;
tt0756729;nm0000604;
tt0756729;nm0788340;
tt0756729;nm0765597;
tt0407887;nm0000138;
tt0407887;nm0000354;
tt0407887;nm0000197;
tt17569526;nm10692273;
tt17569526;nm3270435;
tt17569526;nm0133899;
tt14250484;nm11269095;
tt14250484;nm0133899;
tt13002242;nm1812637;
tt13002242;nm0440913;
tt13002242;nm0133899;
tt10545470;nm7557188;
tt10545470;nm0046424;
tt10545470;nm0133899;
tt9172422;nm3723133;
tt9172422;nm0000809;
tt9172422;nm0133899;
tt20895888;nm6267251;
tt20895888;nm7865906;
tt20895888;nm4430337;
tt4725842;nm2442560;
tt4725842;nm6113836;
tt4725842;nm2404515;
tt6451260;nm0500976;
tt6451260;nm0133899;
tt6451260;nm0268949;
tt7250056;nm0000300;
tt7250056;nm0531195;
tt7250056;nm0133899;
tt7476116;nm0023832;
tt7476116;nm0688143;
tt7476116;nm0133899;
tt6293032;nm0491259;
tt6293032;nm4728607;
tt6293032;nm0133899;
tt5078354;nm1745743;
tt5078354;nm0133899;
tt5078354;nm0302916;
tt3922798;nm3827844;
tt3922798;nm3003862;
tt3922798;nm0764527;
tt4607228;nm3114649;
tt4607228;nm0494504;
tt4607228;nm0133899;
tt3083008;nm0004936;
tt3083008;nm1483369;
tt3083008;nm0133899;
tt3324494;nm0320759;
tt3324494;nm0077873;
tt3324494;nm0133899;
tt2929890;nm0000366;
tt2929890;nm1194748;
tt2929890;nm0133899;
tt2040020;nm1969934;
tt2040020;nm0377564;
tt2040020;nm0431956;
tt2165236;nm0167388;
tt2165236;nm1812637;
tt2165236;nm2027009;
tt2018079;nm0359652;
tt2018079;nm0000809;
tt2018079;nm0133899;
tt2087850;nm0500976;
tt2087850;nm1995246;
tt2087850;nm0241121;
tt2151905;nm0218615;
tt2151905;nm0856493;
tt2151905;nm0133899;
tt1837587;nm4588609;
tt1837587;nm0133899;
tt1837587;nm0144377;
tt2027265;nm1871951;
tt2027265;nm0133899;
tt2027265;nm4736135;
tt1294688;nm0578949;
tt1294688;nm0461136;
tt1294688;nm0941777;
tt0806029;nm0001437;
tt0806029;nm0133899;
tt0806029;nm0487884;
tt1149592;nm0656768;
tt1149592;nm0001653;
tt1149592;nm0133899;
tt1320307;nm0491259;
tt1320307;nm3281449;
tt1320307;nm0133899;
tt0942379;nm0167388;
tt0942379;nm1202905;
tt0942379;nm0133899;
tt0920454;nm0660854;
tt0920454;nm0002100;
tt0920454;nm0133899;
tt0881233;nm0283997;
tt0881233;nm2807351;
tt0881233;nm0133899;
tt0792965;nm0851582;
tt0792965;nm0830802;
tt0792965;nm0133899;
tt0362225;nm0167388;
tt0362225;nm0244707;
tt0362225;nm0189887;
tt0444519;nm0283997;
tt0444519;nm0057842;
tt0444519;nm0580101;
tt0430224;nm0002100;
tt0430224;nm0895759;
tt0430224;nm0000322;
tt0424205;nm1208167;
tt0424205;nm0299811;
tt0424205;nm0133899;
tt0381442;nm0688143;
tt0381442;nm0951456;
tt0381442;nm0133899;
tt0411343;nm0652808;
tt0411343;nm0674742;
tt0411343;nm0133899;
tt0383995;nm1368718;
tt0383995;nm0046494;
tt0383995;nm0751606;
tt0309872;nm0075710;
tt0309872;nm1208167;
tt0309872;nm0133899;
tt0290809;nm0001393;
tt0290809;nm0246362;
tt0290809;nm0201669;
tt0287448;nm0512071;
tt0287448;nm0133899;
tt0287448;nm0235461;
tt0164961;nm0000367;
tt0164961;nm0133899;
tt0164961;nm0766046;
tt0235606;nm0000782;
tt0235606;nm0487254;
tt0235606;nm0133899;
tt0267608;nm1059138;
tt0267608;nm0141140;
tt0267608;nm0252979;
tt0216669;nm0873453;
tt0216669;nm0949350;
tt0216669;nm0133899;
tt0204761;nm0339621;
tt0204761;nm0000521;
tt0204761;nm0133899;
tt0163978;nm0000138;
tt0163978;nm0842770;
tt0163978;nm0948679;
tt0289781;nm0075710;
tt0289781;nm0609824;
tt0289781;nm0133899;
tt0143316;nm0946179;
tt0143316;nm0194759;
tt0143316;nm0133899;
tt0235688;nm0184477;
tt0235688;nm0308036;
tt0235688;nm0244782;
tt0304685;nm0796316;
tt0304685;nm0451376;
tt0304685;nm0310865;
tt0150464;nm0000962;
tt0150464;nm0487254;
tt0150464;nm0001461;
tt0118834;nm0339621;
tt0118834;nm0075650;
tt0118834;nm0116254;
tt0192940;nm0243175;
tt0192940;nm0603399;
tt0192940;nm0712204;
tt0118685;nm0734000;
tt0118685;nm0133899;
tt0118685;nm0445102;
tt0229636;nm0081175;
tt0229636;nm0133899;
tt0229636;nm0165401;
tt0448880;nm0078423;
tt0448880;nm0190118;
tt0448880;nm0133899;
tt0167824;nm0294401;
tt0167824;nm0946179;
tt0167824;nm0133899;
tt0229491;nm0652808;
tt0229491;nm0487022;
tt0229491;nm0445102;
tt0201322;nm0696163;
tt0201322;nm0686263;
tt0201322;nm0168489;
tt0297892;nm0594885;
tt0297892;nm0814799;
tt0297892;nm0133899;
tt0169458;nm0217868;
tt0169458;nm0863983;
tt0169458;nm1917050;
tt0168001;nm0235460;
tt0168001;nm0294401;
tt0168001;nm0946179;
tt0387321;nm0305368;
tt0387321;nm0747690;
tt0387321;nm0133899;
tt0208064;nm0195522;
tt0208064;nm1485911;
tt0208064;nm0038454;
tt0172040;nm0718881;
tt0172040;nm0534997;
tt0172040;nm0494455;
tt12610390;nm0000242;
tt12610390;nm0000932;
tt12610390;nm0799777;
tt14439896;nm0000242;
tt14439896;nm0000154;
tt14439896;nm0915865;
tt16304360;nm0525441;
tt16304360;nm0134137;
tt16304360;nm7849108;
tt6654210;nm0000242;
tt6654210;nm0252230;
tt6654210;nm5824400;
tt0835434;nm2499064;
tt0835434;nm0000321;
tt0835434;nm0001848;
tt11945774;nm1184988;
tt11945774;nm6677886;
tt11945774;nm1369247;
tt13182824;nm8239237;
tt13182824;nm11964099;
tt13182824;nm11951636;
tt4651466;nm6366586;
tt4651466;nm0000242;
tt4651466;nm0110168;
tt11921386;nm11461840;
tt11921386;nm6574323;
tt11921386;nm13498175;
tt9148598;nm11257743;
tt9148598;nm6357443;
tt9148598;nm11257746;
tt8629748;nm0000242;
tt8629748;nm6328300;
tt8629748;nm0000273;
tt10256182;nm5302838;
tt10256182;nm9166383;
tt10256182;nm7665954;
tt2891574;nm6041749;
tt2891574;nm0913475;
tt2891574;nm0425005;
tt7401588;nm0000242;
tt7401588;nm0126284;
tt7401588;nm5097044;
tt4560436;nm3299397;
tt4560436;nm1659348;
tt4560436;nm0000242;
tt4181172;nm0000202;
tt4181172;nm1416900;
tt4181172;nm1870963;
tt5657846;nm0002071;
tt5657846;nm0000242;
tt5657846;nm0000154;
tt4572514;nm1157358;
tt4572514;nm0000242;
tt4572514;nm0799777;
tt1860357;nm0000621;
tt1860357;nm0000242;
tt1860357;nm0341174;
tt3353060;nm1710309;
tt3353060;nm0000491;
tt3353060;nm0817027;
tt1674771;nm0175305;
tt1674771;nm0004978;
tt1674771;nm1483196;
tt3333880;nm0000242;
tt3333880;nm3258279;
tt3333880;nm0005531;
tt2039393;nm0000422;
tt2039393;nm0000242;
tt2039393;nm0001448;
tt0979432;nm0000114;
tt0979432;nm0788335;
tt0979432;nm0531808;
tt2520338;nm0907548;
tt2520338;nm4551978;
tt2520338;nm0687146;
tt1091191;nm0000242;
tt1091191;nm0386472;
tt1091191;nm2018237;
tt1392214;nm0205626;
tt1392214;nm0350453;
tt1392214;nm0413168;
tt1235522;nm0001876;
tt1235522;nm0000242;
tt1235522;nm0000128;
tt1524137;nm0000242;
tt1524137;nm0000295;
tt1524137;nm0000610;
tt1834827;nm2901344;
tt1834827;nm0956603;
tt1834827;nm0547800;
tt1299365;nm1034965;
tt1299365;nm0711559;
tt1299365;nm1128572;
tt0387199;nm0175305;
tt0387199;nm0004978;
tt0387199;nm0001143;
tt0964517;nm0000288;
tt0964517;nm0010736;
tt0964517;nm0000242;
tt0498399;nm0000242;
tt0498399;nm0578949;
tt0498399;nm0001618;
tt17024450;nm0000243;
tt17024450;nm0266824;
tt10095582;nm1307435;
tt10095582;nm0000243;
tt10095582;nm0000531;
tt10016180;nm1785339;
tt10016180;nm0000243;
tt10016180;nm0001467;
tt3766354;nm0000243;
tt3766354;nm5480894;
tt3766354;nm0050959;
tt6000478;nm0268199;
tt6000478;nm0000243;
tt6000478;nm0252238;
tt2671706;nm0205626;
tt2671706;nm0000243;
tt2671706;nm0376610;
tt0455944;nm0190744;
tt0455944;nm0000243;
tt0455944;nm1631269;
tt1272878;nm0000242;
tt1272878;nm1745736;
tt1272878;nm0000243;
tt1907668;nm0000332;
tt1907668;nm0000243;
tt1907668;nm1229204;
tt1599348;nm0001598;
tt1599348;nm0000243;
tt1599348;nm0005351;
tt0477080;nm0000243;
tt0477080;nm1517976;
tt0477080;nm0206257;
tt1037705;nm0000243;
tt1037705;nm0005109;
tt1037705;nm0829032;
tt1111422;nm0000243;
tt1111422;nm0000237;
tt1111422;nm0350079;
tt0427309;nm0001845;
tt0427309;nm0253708;
tt0427309;nm0000243;
tt0765429;nm0000243;
tt0765429;nm0252230;
tt0765429;nm0000128;
tt0453467;nm1745736;
tt0453467;nm0000243;
tt0453467;nm0001029;
tt0454848;nm0000149;
tt0454848;nm0654110;
tt0454848;nm0000243;
tt0368008;nm0000243;
tt0368008;nm0000630;
tt0368008;nm0000658;
tt0328107;nm0000686;
tt0328107;nm0000243;
tt0328107;nm0266824;
tt0313443;nm0578949;
tt0313443;nm0000243;
tt0313443;nm0005125;
tt0168786;nm1035682;
tt0168786;nm0117146;
tt0168786;nm0000243;
tt0251160;nm1131193;
tt0251160;nm0000243;
tt0251160;nm0000380;
tt0139654;nm0001277;
tt0139654;nm0000243;
tt0139654;nm0000160;
tt0210945;nm0001599;
tt0210945;nm0000243;
tt0210945;nm0365445;
tt0174856;nm0000243;
tt0174856;nm0000679;
tt0174856;nm0788370;
tt0145681;nm0001401;
tt0145681;nm0000243;
tt0145681;nm0001451;
tt0133952;nm0000906;
tt0133952;nm0000243;
tt0133952;nm0000246;
tt0124718;nm0020931;
tt0124718;nm0000243;
tt0124718;nm0000170;
tt0119099;nm0000422;
tt0119099;nm0000243;
tt0119099;nm0000661;
tt0117372;nm0000243;
tt0117372;nm0001365;
tt0117372;nm0005524;
tt0115956;nm0001617;
tt0115956;nm0000243;
tt0115956;nm0000212;
tt0112857;nm0000243;
tt0112857;nm0001744;
tt0112857;nm0000884;
tt0114857;nm0000243;
tt0114857;nm0001488;
tt0114857;nm0000128;
tt0112740;nm0002023;
tt0112740;nm0000432;
tt0112740;nm0000243;
tt0107818;nm0000158;
tt0107818;nm0000243;
tt0107818;nm0561809;
tt0107798;nm0001731;
tt0107798;nm0000210;
tt0107798;nm0000243;
tt0107616;nm0000668;
tt0107616;nm0000206;
tt0107616;nm0000110;
tt0104797;nm0005148;
tt0104797;nm0000243;
tt0104797;nm0000291;
tt0102789;nm0001384;
tt0102789;nm0000243;
tt0102789;nm0001475;
tt0102456;nm0000243;
tt0102456;nm0002004;
tt0102456;nm0786022;
tt0099750;nm0001364;
tt0099750;nm0000243;
tt0099750;nm0916050;
tt0097441;nm0000243;
tt0097441;nm0000111;
tt0097441;nm0000144;
tt0097373;nm0372317;
tt0097373;nm0000243;
tt0097373;nm0152521;
tt0097880;nm0000243;
tt0097880;nm0289038;
tt0097880;nm0870186;
tt0083483;nm0001556;
tt0083483;nm0000893;
tt0083483;nm0005177;
tt0092804;nm0000177;
tt0092804;nm0000243;
tt0092804;nm0800219;
tt0091106;nm0124333;
tt0091106;nm0005551;
tt0091106;nm0000243;
tt0091786;nm0000152;
tt0091786;nm0000432;
tt0091786;nm0001046;
tt0088146;nm0262543;
tt0088146;nm0738415;
tt0088146;nm0128360;
tt0087617;nm0267232;
tt0087617;nm0298323;
tt0087617;nm0614916;
tt0082138;nm0001719;
tt0082138;nm0756634;
tt0082138;nm0912001;
tt0078999;nm2393184;
tt0078999;nm0012524;
tt0078999;nm0109420;
tt0079161;nm0341562;
tt0079161;nm0000297;
tt0079161;nm0752751;
tt0076923;nm0076251;
tt0076923;nm0001807;
tt0076923;nm0003629;
tt15342244;nm9165599;
tt15342244;nm0249291;
tt15342244;nm0000244;
tt9174718;nm13505557;
tt9174718;nm10948100;
tt9174718;nm0000244;
tt7461272;nm0000244;
tt7461272;nm0006969;
tt7461272;nm0582149;
tt4513678;nm4689420;
tt4513678;nm0748620;
tt4513678;nm6016511;
tt3104956;nm0000177;
tt3104956;nm1072555;
tt3104956;nm0000244;
tt12824750;nm0000244;
tt12824750;nm4934993;
tt14393734;nm0001383;
tt14393734;nm3659314;
tt14393734;nm3017448;
tt4277922;nm1891185;
tt4277922;nm2771436;
tt4277922;nm0598857;
tt2222052;nm3150488;
tt2222052;nm4960279;
tt2222052;nm0000244;
tt6905542;nm2145218;
tt6905542;nm5637047;
tt6905542;nm2812026;
tt5323988;nm1896620;
tt5323988;nm1200650;
tt5323988;nm1797750;
tt7740574;nm7553598;
tt7740574;nm0000244;
tt7740574;nm4639087;
tt0408381;nm0573862;
tt0408381;nm0146414;
tt0408381;nm0167340;
tt4230076;nm1269983;
tt4230076;nm1214435;
tt4230076;nm1591496;
tt3293184;nm1040208;
tt3293184;nm2796745;
tt3293184;nm3042755;
tt16351432;nm1193091;
tt16351432;nm0000244;
tt16351432;nm3392525;
tt6990734;nm1193091;
tt6990734;nm0000244;
tt6990734;nm3392525;
tt5536736;nm2665105;
tt5536736;nm0001191;
tt5536736;nm0000163;
tt5034474;nm0001439;
tt5034474;nm0735442;
tt5034474;nm0001724;
tt3416532;nm0428065;
tt3416532;nm6484968;
tt3416532;nm0000244;
tt1289401;nm0565250;
tt1289401;nm1325419;
tt1289401;nm0571952;
tt1823672;nm0413168;
tt1823672;nm1663205;
tt1823672;nm2353862;
tt1528100;nm0000288;
tt1528100;nm0249291;
tt1528100;nm0001426;
tt7065844;nm0001089;
tt7065844;nm0000244;
tt1545106;nm1269983;
tt1545106;nm0932831;
tt1545106;nm0000224;
tt2239947;nm2312345;
tt2239947;nm0000244;
tt2239947;nm0001303;
tt1366365;nm0147147;
tt1366365;nm0000244;
tt1366365;nm0000246;
tt1748179;nm0000134;
tt1748179;nm0000244;
tt1748179;nm0614165;
tt1888593;nm0000495;
tt1888593;nm0000244;
tt1888593;nm0385792;
tt1259521;nm1165110;
tt1259521;nm0404307;
tt1259521;nm1393354;
tt1640548;nm0000437;
tt1640548;nm0004936;
tt1640548;nm0000244;
tt1600195;nm0000547;
tt1600195;nm1210124;
tt1600195;nm2934314;
tt1477837;nm1159180;
tt1477837;nm0000162;
tt1477837;nm0000604;
tt1414382;nm0068338;
tt1414382;nm0951148;
tt1414382;nm0000244;
tt1196134;nm0000741;
tt1196134;nm0000244;
tt1196134;nm0000675;
tt1526282;nm3270738;
tt1526282;nm3646409;
tt1526282;nm2634017;
tt1073510;nm0445987;
tt1073510;nm0000244;
tt1073510;nm0001089;
tt0892535;nm0000449;
tt0892535;nm0001538;
tt0892535;nm0222643;
tt0871426;nm0688132;
tt0871426;nm0000244;
tt0871426;nm0275486;
tt0847167;nm0005273;
tt0847167;nm0098378;
tt0847167;nm0000244;
tt0795176;nm0238419;
tt0795176;nm0041003;
tt0795176;nm0000244;
tt0473709;nm0000141;
tt0473709;nm0344435;
tt0473709;nm0000244;
tt0448124;nm0005251;
tt0448124;nm0000614;
tt0448124;nm0000244;
tt0465320;nm0023927;
tt0465320;nm2288714;
tt0465320;nm0940460;
tt0373024;nm0001099;
tt0373024;nm0386472;
tt0373024;nm0000244;
tt0368447;nm0000244;
tt0368447;nm0001618;
tt0368447;nm0000458;
tt0206501;nm0761587;
tt0206501;nm0781130;
tt0206501;nm0507917;
tt0311289;nm0479471;
tt0311289;nm0000685;
tt0311289;nm0000244;
tt0319470;nm0001439;
tt0319470;nm0000244;
tt0319470;nm1285554;
tt0149460;nm0224007;
tt0149460;nm0921942;
tt0149460;nm0005408;
tt0271219;nm0822155;
tt0271219;nm0544718;
tt0271219;nm0000244;
tt0260746;nm0494432;
tt0260746;nm0397124;
tt0260746;nm0000700;
tt0125022;nm0000432;
tt0125022;nm0001349;
tt0125022;nm0000244;
tt0177650;nm0002117;
tt0177650;nm0569790;
tt0177650;nm0000244;
tt0177789;nm0000741;
tt0177789;nm0000614;
tt0177789;nm0000244;
tt0160513;nm0000194;
tt0160513;nm0674243;
tt0160513;nm0000244;
tt0118583;nm0000213;
tt0118583;nm0684500;
tt0118583;nm0000244;
tt0119349;nm0000177;
tt0119349;nm0000260;
tt0119349;nm0000244;
tt0119227;nm0004743;
tt0119227;nm0000244;
tt0119227;nm0000554;
tt0112722;nm0000551;
tt0112722;nm0000244;
tt0112722;nm0000456;
tt0113464;nm0919117;
tt0113464;nm0001836;
tt0113464;nm0414772;
tt0109579;nm0934179;
tt0109579;nm0001426;
tt0109579;nm0000244;
tt0106673;nm0000177;
tt0106673;nm0000244;
tt0106673;nm0001449;
tt0103594;nm0000800;
tt0103594;nm0000244;
tt0103594;nm0000367;
tt0103644;nm0001165;
tt0103644;nm0000244;
tt0103644;nm0001097;
tt0097428;nm0000101;
tt0097428;nm0000244;
tt0097428;nm0000195;
tt0096463;nm0000148;
tt0096463;nm0000429;
tt0096463;nm0000244;
tt0095243;nm0364915;
tt0095243;nm0000244;
tt0095243;nm0000986;
tt0091164;nm0000323;
tt0091164;nm0442576;
tt0091164;nm0000244;
tt0090605;nm0001343;
tt0090605;nm0000299;
tt0090605;nm0000244;
tt0090235;nm0922756;
tt0090235;nm0000244;
tt0090235;nm0000367;
tt0087332;nm0000101;
tt0087332;nm0000244;
tt0087332;nm0000195;
tt0085412;nm0002138;
tt0085412;nm0000331;
tt0085412;nm0000244;
tt0086617;nm0000154;
tt0086617;nm0000244;
tt0086617;nm0001373;
tt0082353;nm0001626;
tt0082353;nm0000244;
tt0082353;nm0000458;
tt2403092;nm0363157;
tt2403092;nm0001346;
tt2403092;nm0000244;
tt0078748;nm0000643;
tt0078748;nm0000244;
tt0078748;nm0000457;
tt0077886;nm0065235;
tt0077886;nm0270742;
tt0077886;nm0000719;
tt0334832;nm2005602;
tt0334832;nm1668268;
tt0334832;nm0122301;
tt0075686;nm0000095;
tt0075686;nm0000473;
tt0075686;nm0731634;
tt0065346;nm0816926;
tt0065346;nm0531949;
tt0065346;nm0425133;
tt1727770;nm0080276;
tt1727770;nm0000295;
tt1727770;nm0670408;
tt2692250;nm0001774;
tt2692250;nm0005562;
tt2692250;nm0000245;
tt0910885;nm0241173;
tt0910885;nm0334179;
tt0910885;nm0570364;
tt1294970;nm0005109;
tt1294970;nm0000245;
tt1294970;nm0227759;
tt2624412;nm0000834;
tt2624412;nm4539692;
tt2624412;nm0000245;
tt2710104;nm0001264;
tt2710104;nm2312345;
tt2710104;nm0000245;
tt1839642;nm0000906;
tt1839642;nm0000438;
tt1839642;nm0000245;
tt1327773;nm0001845;
tt1327773;nm0000131;
tt1327773;nm0001856;
tt1931435;nm0000134;
tt1931435;nm0000473;
tt1931435;nm0001337;
tt1492966;nm3463761;
tt1492966;nm3425494;
tt1492966;nm0127373;
tt1703925;nm0000704;
tt1703925;nm1172116;
tt1703925;nm1463709;
tt0976238;nm0001293;
tt0976238;nm0000237;
tt0976238;nm0000245;
tt0206512;nm0265067;
tt0206512;nm0120309;
tt0206512;nm0444786;
tt1078912;nm0010736;
tt1078912;nm0001774;
tt1078912;nm0005562;
tt1247692;nm0916406;
tt1247692;nm0000228;
tt1247692;nm1551130;
tt1262981;nm0754512;
tt1262981;nm1646177;
tt1262981;nm0000245;
tt0319931;nm1193098;
tt0319931;nm0780435;
tt0319931;nm0860465;
tt18304834;nm0000775;
tt18304834;nm0057113;
tt18304834;nm0000255;
tt0426931;nm0383603;
tt0426931;nm0005392;
tt0426931;nm0001667;
tt0762114;nm0601553;
tt0762114;nm1024677;
tt0762114;nm0000245;
tt0477347;nm0001774;
tt0477347;nm0315041;
tt0477347;nm0001303;
tt0483726;nm0085400;
tt0483726;nm0001473;
tt0483726;nm0000245;
tt0449089;nm0385644;
tt0449089;nm0155693;
tt0449089;nm0000245;
tt0448075;nm0191412;
tt0448075;nm0001057;
tt0448075;nm0000245;
tt0402850;nm0000610;
tt0402850;nm0000456;
tt0402850;nm0000245;
tt0383534;nm0908094;
tt0383534;nm0004851;
tt0383534;nm0000215;
tt0372334;nm0000141;
tt0372334;nm0000495;
tt0372334;nm0000245;
tt0364343;nm0000227;
tt0364343;nm0001029;
tt0364343;nm0000245;
tt0278504;nm0000199;
tt0278504;nm0000245;
tt0278504;nm0005476;
tt0266452;nm0001416;
tt0266452;nm0001570;
tt0266452;nm0000245;
tt0265459;nm0890232;
tt0265459;nm0000245;
tt0265459;nm0001567;
tt0212720;nm0005286;
tt0212720;nm0640323;
tt0212720;nm0000179;
tt0182789;nm0001110;
tt0182789;nm0000245;
tt0182789;nm0000554;
tt0120716;nm0853364;
tt0120716;nm0000245;
tt0120716;nm0407285;
tt0161160;nm0002023;
tt0161160;nm0646440;
tt0161160;nm0731519;
tt0179036;nm0667326;
tt0179036;nm1049468;
tt0179036;nm0000245;
tt0129290;nm0005321;
tt0129290;nm0000245;
tt0129290;nm0518687;
tt0120889;nm0000421;
tt0120889;nm0001711;
tt0120889;nm0000245;
tt0119217;nm0000354;
tt0119217;nm0000255;
tt0119217;nm0000245;
tt0119137;nm0001315;
tt0119137;nm0000245;
tt0119137;nm0001520;
tt0118954;nm0001114;
tt0118954;nm0000095;
tt0118954;nm0000506;
tt0119109;nm0000345;
tt0119109;nm0000506;
tt0119109;nm0000245;
tt0108778;nm0000098;
tt0108778;nm0001435;
tt0108778;nm0001073;
tt0116477;nm0001046;
tt0116477;nm0001394;
tt0116477;nm0000110;
tt0117582;nm0000099;
tt0117582;nm0001364;
tt0117582;nm0000367;
tt0116669;nm0450116;
tt0116669;nm0000178;
tt0116669;nm0000245;
tt0115685;nm0001447;
tt0115685;nm0000432;
tt0115685;nm0000245;
tt0113497;nm0000379;
tt0113497;nm0000245;
tt0113497;nm0001372;
tt0233177;nm0115186;
tt0233177;nm0945332;
tt0233177;nm0042805;
tt0114682;nm0000664;
tt0114682;nm0000648;
tt0114682;nm0000491;
tt0113986;nm0000194;
tt0113986;nm0000424;
tt0113986;nm0000792;
tt0110121;nm0001562;
tt0110121;nm0000502;
tt0110121;nm0001242;
tt0103466;nm0001787;
tt0103466;nm0788009;
tt0103466;nm0005120;
tt0106379;nm0402901;
tt0106379;nm0001806;
tt0106379;nm0000245;
tt0106028;nm0001938;
tt0106028;nm0424800;
tt0106028;nm0001433;
tt0107614;nm0000112;
tt0107614;nm0000398;
tt0107614;nm0000245;
tt0123278;nm0001302;
tt0123278;nm0733427;
tt0123278;nm0571106;
tt0105629;nm0000349;
tt0105629;nm0002091;
tt0105629;nm0000245;
tt0101889;nm0117035;
tt0101889;nm0000245;
tt0101889;nm0000313;
tt0102898;nm0001281;
tt0102898;nm0062070;
tt0102898;nm0113935;
tt0101669;nm0000412;
tt0101669;nm0000668;
tt0101669;nm0000110;
tt0099077;nm0000134;
tt0099077;nm0001413;
tt0099077;nm0000245;
tt0099204;nm0715622;
tt0099204;nm0000209;
tt0099204;nm0000245;
tt0255132;nm0000101;
tt0255132;nm0000981;
tt0255132;nm0000298;
tt0097165;nm0000494;
tt0097165;nm0000160;
tt0097165;nm0000245;
tt0096764;nm0001631;
tt0096764;nm0627453;
tt0096764;nm0001385;
tt0152043;nm0611898;
tt0152043;nm0005316;
tt0152043;nm0929609;
tt0245985;nm0005565;
tt0245985;nm0000772;
tt0245985;nm0000926;
tt0093105;nm0001845;
tt0093105;nm0870918;
tt0093105;nm0000245;
tt0091920;nm0795711;
tt0091920;nm0006784;
tt0091920;nm0000245;
tt0090856;nm0001548;
tt0090856;nm0000245;
tt0090856;nm0000564;
tt0090713;nm0000621;
tt0090713;nm0715622;
tt0090713;nm0000245;
tt0086785;nm0697615;
tt0086785;nm0001640;
tt0086785;nm7922868;
tt0087747;nm0000744;
tt0087747;nm0220598;
tt0087747;nm0000245;
tt0086397;nm0000527;
tt0086397;nm0715274;
tt0086397;nm0000245;
tt0083450;nm0919798;
tt0083450;nm0001118;
tt0083450;nm0000245;
tt0081925;nm0280886;
tt0081925;nm0506405;
tt0081925;nm0001006;
tt0199214;nm0001167;
tt0199214;nm0009854;
tt0199214;nm0220885;
tt0084917;nm0000335;
tt0084917;nm0002148;
tt0084917;nm0000245;
tt0077053;nm0416850;
tt0077053;nm0001118;
tt0077053;nm0000245;
tt0081353;nm0001167;
tt0081353;nm0001827;
tt0081353;nm0000245;
tt0078667;nm0111156;
tt0078667;nm0141581;
tt0078667;nm0445762;
tt0070992;nm0001857;
tt0070992;nm0005385;
tt0070992;nm0000165;
tt0076976;nm0456259;
tt0076976;nm0611898;
tt0076976;nm0929609;
tt0078641;nm0300096;
tt0078641;nm0000245;
tt0078641;nm0694497;
tt6616016;nm0084086;
tt6616016;nm0073392;
tt6616016;nm0163863;
tt0075500;nm0641110;
tt0075500;nm0887694;
tt0075500;nm0624095;
tt0075567;nm0001640;
tt0075567;nm0566052;
tt0075567;nm0000245;
tt0075801;nm0942698;
tt0075801;nm0242479;
tt0075801;nm0234731;
tt14656632;nm0000237;
tt14656632;nm0000246;
tt14656632;nm0001151;
tt16527290;nm0001143;
tt16527290;nm0000246;
tt16527290;nm3165541;
tt15837458;nm2104119;
tt15837458;nm0000246;
tt15837458;nm2230865;
tt14555174;nm3698103;
tt14555174;nm0700712;
tt14555174;nm0000246;
tt14686544;nm3388872;
tt14686544;nm6295779;
tt14686544;nm11502831;
tt14849038;nm0005048;
tt14849038;nm0744331;
tt14849038;nm0000246;
tt15391770;nm0146915;
tt15391770;nm0740264;
tt15391770;nm0000246;
tt14577304;nm0614877;
tt14577304;nm0582462;
tt14577304;nm0000246;
tt14412366;nm3056324;
tt14412366;nm0001143;
tt14412366;nm0000246;
tt14174168;nm0005561;
tt14174168;nm0001701;
tt14174168;nm0000246;
tt13496236;nm8332635;
tt13496236;nm0000246;
tt13496236;nm8860625;
tt14577300;nm0614877;
tt14577300;nm0582462;
tt14577300;nm0000246;
tt10957044;nm0550452;
tt10957044;nm0000246;
tt10957044;nm0005258;
tt13265876;nm1143429;
tt13265876;nm0000246;
tt13265876;nm0568180;
tt12861508;nm2394568;
tt12861508;nm0614877;
tt12861508;nm0000246;
tt12528166;nm2742160;
tt12528166;nm0454809;
tt12528166;nm0000246;
tt11656220;nm0386472;
tt11656220;nm1083271;
tt11656220;nm0000246;
tt11762434;nm0342029;
tt11762434;nm0000246;
tt11762434;nm2344493;
tt9820556;nm0629697;
tt9820556;nm4181215;
tt9820556;nm0000246;
tt13316066;nm0924636;
tt13316066;nm0319739;
tt13316066;nm0687270;
tt11656172;nm2742160;
tt11656172;nm0582462;
tt11656172;nm0000246;
tt10303324;nm0614877;
tt10303324;nm6125709;
tt10303324;nm0000246;
tt9625664;nm0651274;
tt9625664;nm1764351;
tt9625664;nm0000246;
tt8809652;nm0004821;
tt8809652;nm0816508;
tt8809652;nm0000246;
tt9398640;nm0000190;
tt9398640;nm4363130;
tt9398640;nm0302108;
tt0385887;nm0000285;
tt0385887;nm1813221;
tt0385887;nm0001570;
tt5691552;nm1597316;
tt5691552;nm0425982;
tt5691552;nm0532235;
tt4743226;nm1046846;
tt4743226;nm1091782;
tt4743226;nm0000246;
tt6547170;nm0342029;
tt6547170;nm0000246;
tt6547170;nm0000628;
tt1137450;nm0000223;
tt1137450;nm0000246;
tt1137450;nm0000352;
tt6684714;nm0039162;
tt6684714;nm0369513;
tt6684714;nm0000246;
tt5884234;nm0159789;
tt5884234;nm0000246;
tt5884234;nm8428326;
tt4694544;nm0000422;
tt4694544;nm0000246;
tt4694544;nm0597388;
tt4972582;nm5896355;
tt4972582;nm4726634;
tt4972582;nm0564215;
tt3963816;nm1176985;
tt3963816;nm0000246;
tt3963816;nm0005221;
tt4651410;nm0004971;
tt4651410;nm0001231;
tt4651410;nm0000246;
tt4382872;nm2442289;
tt4382872;nm1553725;
tt4382872;nm0000246;
tt3164256;nm5647588;
tt3164256;nm0221046;
tt3164256;nm0000195;
tt3480796;nm1024107;
tt3480796;nm0005048;
tt3480796;nm0000246;
tt1085492;nm0000574;
tt1085492;nm0000131;
tt1085492;nm0000246;
tt0458481;nm0004695;
tt0458481;nm0000620;
tt0458481;nm0000982;
tt1821694;nm0000518;
tt1821694;nm0000545;
tt1821694;nm0000246;
tt1583421;nm1475594;
tt1583421;nm1597316;
tt1583421;nm0425005;
tt1606378;nm2541974;
tt1606378;nm0462407;
tt1606378;nm0000246;
tt1925431;nm0241049;
tt1925431;nm0000246;
tt1925431;nm0206257;
tt1276104;nm1289434;
tt1276104;nm0330687;
tt1276104;nm0000246;
tt1764651;nm0000230;
tt1764651;nm2955013;
tt1764651;nm1330276;
tt1748122;nm4442068;
tt1748122;nm4442319;
tt1748122;nm0000246;
tt1132449;nm0000681;
tt1132449;nm0356017;
tt1132449;nm0000246;
tt1837673;nm1101483;
tt1837673;nm0000246;
tt1837673;nm0001675;
tt1886493;nm1223023;
tt1886493;nm2832695;
tt1886493;nm0015196;
tt1748197;nm0000202;
tt1748197;nm1265067;
tt1748197;nm0000246;
tt1245526;nm0000151;
tt1245526;nm0000545;
tt1245526;nm0000246;
tt1320253;nm0000230;
tt1320253;nm0001472;
tt1320253;nm0005458;
tt1385867;nm0605079;
tt1385867;nm0000246;
tt1385867;nm0380022;
tt0986263;nm0000609;
tt0986263;nm0593664;
tt0986263;nm0000246;
tt0106053;nm0787238;
tt0106053;nm0436232;
tt0106053;nm0001468;
tt0486674;nm0001804;
tt0486674;nm0000134;
tt0486674;nm0001806;
tt1018818;nm0059215;
tt1018818;nm1107127;
tt1018818;nm0000246;
tt3399372;nm0702572;
tt3399372;nm0519043;
tt3399372;nm0000246;
tt0479500;nm0731075;
tt0479500;nm0004883;
tt0479500;nm1302735;
tt0337978;nm0519043;
tt0337978;nm0000246;
tt0337978;nm0648249;
tt0457433;nm0000932;
tt0457433;nm0000610;
tt0457433;nm0000246;
tt1077258;nm0135585;
tt1077258;nm0000535;
tt1077258;nm0000982;
tt0462322;nm0000621;
tt0462322;nm0000535;
tt0462322;nm0001803;
tt0469263;nm0001136;
tt0469263;nm0000515;
tt0469263;nm0000671;
tt0460792;nm0001427;
tt0460792;nm1503432;
tt0460792;nm0000246;
tt0450232;nm0001556;
tt0450232;nm0000246;
tt0450232;nm0080049;
tt0425210;nm0000151;
tt0425210;nm0001326;
tt0425210;nm0001426;
tt0426883;nm0386472;
tt0426883;nm0005493;
tt0426883;nm0947338;
tt0165598;nm0005109;
tt0165598;nm0696059;
tt0165598;nm0333410;
tt0401792;nm0000620;
tt0401792;nm0654110;
tt0401792;nm0000246;
tt0340163;nm0001629;
tt0340163;nm0005583;
tt0340163;nm0000246;
tt0349903;nm0000093;
tt0349903;nm0000210;
tt0349903;nm0000123;
tt0327247;nm0000449;
tt0327247;nm0001612;
tt0327247;nm0000246;
tt0305357;nm0000106;
tt0305357;nm0005154;
tt0305357;nm0000139;
tt0314353;nm0369513;
tt0314353;nm0000899;
tt0314353;nm0000246;
tt0328719;nm0017085;
tt0328719;nm1222836;
tt0328719;nm0000246;
tt0335126;nm0731075;
tt0335126;nm0000725;
tt0335126;nm1389345;
tt0251114;nm0268199;
tt0251114;nm0005024;
tt0251114;nm0000246;
tt0219965;nm0000949;
tt0219965;nm0000671;
tt0219965;nm0000246;
tt0219854;nm0107748;
tt0219854;nm0000246;
tt0219854;nm0607865;
tt0190138;nm0001612;
tt0190138;nm0000275;
tt0190138;nm0000246;
tt0160916;nm0000201;
tt0160916;nm0719705;
tt0160916;nm0000246;
tt0167404;nm0005286;
tt0167404;nm0001057;
tt0167404;nm0000246;
tt0120618;nm0001215;
tt0120618;nm0000560;
tt0120618;nm0000246;
tt0120591;nm0000671;
tt0120591;nm0000255;
tt0120591;nm0000246;
tt0120749;nm0400816;
tt0120749;nm0000285;
tt0120749;nm0000246;
tt0115118;nm0419645;
tt0115118;nm0000434;
tt0115118;nm0000246;
tt0103484;nm0001663;
tt0103484;nm0000166;
tt0103484;nm0659601;
tt0119116;nm0000198;
tt0119116;nm0000170;
tt0119116;nm0000246;
tt0116830;nm0001136;
tt0116830;nm0761836;
tt0116830;nm0000246;
tt0114746;nm0000656;
tt0114746;nm0000093;
tt0114746;nm0000246;
tt0113101;nm0000619;
tt0113101;nm0000104;
tt0113101;nm0205423;
tt0110684;nm0000056;
tt0110684;nm0001788;
tt0110684;nm0000246;
tt11866112;nm0000745;
tt11866112;nm0107464;
tt11866112;nm0163863;
tt0109456;nm0001506;
tt0109456;nm0000246;
tt0109456;nm0001952;
tt0110687;nm0004517;
tt0110687;nm0000704;
tt0110687;nm0000246;
tt0108238;nm0000246;
tt0108238;nm0000572;
tt0108238;nm0001199;
tt0104070;nm0000443;
tt0104070;nm0000658;
tt0104070;nm0000246;
tt0105151;nm0911542;
tt0105151;nm0000209;
tt0105151;nm0000627;
tt0102266;nm0001834;
tt0102266;nm0000246;
tt0102266;nm0001210;
tt0101453;nm0000173;
tt0101453;nm0000163;
tt0101453;nm0000363;
tt0102070;nm0000732;
tt0102070;nm0000246;
tt0102070;nm0000510;
tt0102469;nm0000193;
tt0102469;nm0000444;
tt0102469;nm0000246;
tt0099165;nm0000158;
tt0099165;nm0000429;
tt0099165;nm0000246;
tt0100050;nm0000237;
tt0100050;nm0001156;
tt0100050;nm0000263;
tt0099423;nm0040472;
tt0099423;nm0000889;
tt0099423;nm0000246;
tt0097778;nm0000237;
tt0097778;nm0001156;
tt0097778;nm0000263;
tt0097570;nm0000260;
tt0097570;nm0000246;
tt0097570;nm0000503;
tt0088571;nm0001732;
tt0088571;nm0064015;
tt0088571;nm0000246;
tt0094540;nm0000422;
tt0094540;nm0582418;
tt0094540;nm0001683;
tt0095016;nm0000889;
tt0095016;nm0000614;
tt0095016;nm0000246;
tt0096193;nm0001258;
tt0096193;nm0000532;
tt0096193;nm0000246;
tt0092342;nm0390805;
tt0092342;nm0000573;
tt0092342;nm0520199;
tt8443610;nm0566588;
tt8443610;nm0000246;
tt8443610;nm1429298;
tt0092666;nm0488662;
tt0092666;nm0000107;
tt0092666;nm0000246;
tt0095987;nm0000954;
tt0095987;nm0823592;
tt0095987;nm0000246;
tt7731986;nm0000232;
tt7731986;nm0000246;
tt0088634;nm0014493;
tt0088634;nm0911816;
tt0088634;nm0612321;
tt0086759;nm0000467;
tt0086759;nm0763639;
tt0086759;nm0859365;
tt0084855;nm0001648;
tt0084855;nm0000056;
tt0084855;nm0912001;
tt0163652;nm0717130;
tt0163652;nm0143816;
tt0163652;nm0687257;
tt0080738;nm0001159;
tt0080738;nm0241232;
tt0080738;nm0000069;
tt15591076;nm0001748;
tt15591076;nm0750468;
tt15591076;nm5002960;
tt4595186;nm0110168;
tt4595186;nm0005109;
tt4595186;nm0000884;
tt15139516;nm0005110;
tt15139516;nm0000404;
tt15139516;nm0005109;
tt7737640;nm0356021;
tt7737640;nm0005109;
tt7737640;nm0005049;
tt12281808;nm3812858;
tt12281808;nm5183361;
tt12281808;nm3595501;
tt0264235;nm0307531;
tt0264235;nm0385644;
tt0264235;nm0202970;
tt10344522;nm0000335;
tt10344522;nm0005109;
tt10344522;nm0303013;
tt6663582;nm0857620;
tt6663582;nm1315976;
tt6663582;nm7529030;
tt6359956;nm0068338;
tt6359956;nm0005109;
tt6359956;nm1063517;
tt17372934;nm12330802;
tt17372934;nm0005109;
tt4651520;nm0068338;
tt4651520;nm0005109;
tt4651520;nm1063517;
tt1617661;nm1475594;
tt1617661;nm0005109;
tt1617661;nm1519666;
tt1823664;nm0004937;
tt1823664;nm4832920;
tt1823664;nm0000139;
tt0369179;nm0005110;
tt0369179;nm0427489;
tt0369179;nm0001083;
tt2343793;nm0000553;
tt2343793;nm0005109;
tt2343793;nm0004778;
tt1623205;nm0001838;
tt1623205;nm0931329;
tt1623205;nm0290556;
tt2133333;nm1567113;
tt2133333;nm0005109;
tt2133333;nm0290556;
tt0437745;nm0001293;
tt0437745;nm0005227;
tt0437745;nm1803552;
tt1632708;nm0165101;
tt1632708;nm0005109;
tt1632708;nm0005493;
tt0947798;nm0005109;
tt0947798;nm0001993;
tt0947798;nm0000204;
tt1279935;nm0136797;
tt1279935;nm0000242;
tt1279935;nm0275486;
tt0437729;nm0828770;
tt0437729;nm2590280;
tt0437729;nm0272401;
tt0417205;nm0043704;
tt0417205;nm0005109;
tt0417205;nm0045379;
tt1532515;nm0097504;
tt1532515;nm0614774;
tt1532515;nm0532235;
tt1195935;nm1396611;
tt1195935;nm0005125;
tt1195935;nm0724656;
tt1225822;nm0000867;
tt1225822;nm1325419;
tt1225822;nm0000255;
tt0467197;nm0000977;
tt0467197;nm0000242;
tt0467197;nm0005109;
tt0870204;nm0808376;
tt0870204;nm0005109;
tt0870204;nm0001780;
tt0800039;nm0068338;
tt0800039;nm0748620;
tt0800039;nm0781981;
tt1616186;nm0005109;
tt1616186;nm0290556;
tt0112056;nm0567912;
tt0112056;nm0933281;
tt0112056;nm0817341;
tt0444672;nm1417647;
tt0444672;nm0005109;
tt0444672;nm1377076;
tt0762535;nm0005110;
tt0762535;nm0005109;
tt0762535;nm0333410;
tt9515770;nm1148114;
tt9515770;nm1828817;
tt9515770;nm1148724;
tt0255734;nm0006610;
tt0255734;nm0697044;
tt0255734;nm0180984;
tt1536467;nm1563755;
tt1536467;nm0790888;
tt1536467;nm0005109;
tt0375145;nm0020739;
tt0375145;nm0570771;
tt0375145;nm0005109;
tt0283877;nm0000638;
tt0283877;nm0943870;
tt0283877;nm0005109;
tt6769266;nm0675128;
tt6769266;nm0878911;
tt6769266;nm0012613;
tt0212662;nm0855103;
tt0212662;nm0647638;
tt0212662;nm0001198;
tt0167284;nm0430873;
tt0167284;nm0129820;
tt0167284;nm0267279;
tt0120725;nm0001184;
tt0120725;nm0005169;
tt0120725;nm0000377;
tt0123865;nm0001401;
tt0123865;nm0001159;
tt0123865;nm0593310;
tt0128889;nm0381524;
tt0128889;nm0000981;
tt0128889;nm0873998;
tt0115083;nm0382819;
tt0115083;nm0004834;
tt0115083;nm0004754;
tt0119310;nm0072126;
tt0119310;nm0355379;
tt0119310;nm0001548;
tt0115292;nm0413379;
tt0115292;nm0611967;
tt0115292;nm0194234;
tt0106168;nm0319739;
tt0106168;nm0934136;
tt0106168;nm0001569;
tt0117550;nm0193495;
tt0117550;nm0001356;
tt0117550;nm0823155;
tt0112206;nm0185178;
tt0112206;nm0175305;
tt0112206;nm0682762;
tt0096542;nm0000097;
tt0096542;nm0001327;
tt0096542;nm0000109;
tt0112009;nm0001103;
tt0112009;nm0521753;
tt0112009;nm0012178;
tt0114137;nm0001411;
tt0114137;nm0000575;
tt0114137;nm0548449;
tt0110444;nm1128597;
tt0110444;nm1108260;
tt0110444;nm0837437;
tt0106039;nm0488662;
tt0106039;nm0593258;
tt0106039;nm0005500;
tt0058796;nm0004984;
tt0058796;nm0019172;
tt0058796;nm0389693;
tt5441370;nm1475594;
tt5441370;nm0330687;
tt14858658;nm0790057;
tt14858658;nm5245722;
tt14858658;nm1475594;
tt16280138;nm1475594;
tt16280138;nm0000161;
tt16280138;nm12769944;
tt13320622;nm0000113;
tt13320622;nm1475594;
tt13320622;nm0705356;
tt11252248;nm9208180;
tt11252248;nm1475594;
tt11252248;nm3590810;
tt12614214;nm1840504;
tt12614214;nm3856316;
tt12614214;nm3931538;
tt6264654;nm3069650;
tt6264654;nm0169806;
tt6264654;nm0005351;
tt7699354;nm0600877;
tt7699354;nm1475594;
tt7699354;nm1409651;
tt4649466;nm0000147;
tt4649466;nm5473782;
tt4649466;nm0835016;
tt5439796;nm3485845;
tt5439796;nm1475594;
tt5439796;nm0185819;
tt5834198;nm1475594;
tt5834198;nm0330687;
tt5834198;nm0682725;
tt3532050;nm0627893;
tt3532050;nm3255459;
tt3532050;nm0740535;
tt0475290;nm0000123;
tt0475290;nm2403277;
tt0475290;nm0000982;
tt2268016;nm0093589;
tt2268016;nm1475594;
tt2268016;nm0542133;
tt2294449;nm1706767;
tt2294449;nm1475594;
tt2294449;nm0001084;
tt1100089;nm0136797;
tt1100089;nm1475594;
tt1100089;nm0749263;
tt14786186;nm1475594;
tt14786186;nm0004937;
tt14786186;nm0000354;
tt2334879;nm1475594;
tt2334879;nm0004937;
tt2334879;nm0350454;
tt1245492;nm1706767;
tt1245492;nm0736622;
tt1245492;nm0290556;
tt2053463;nm1475594;
tt2053463;nm0000179;
tt2053463;nm1913734;
tt2229499;nm0000194;
tt2229499;nm0330687;
tt2229499;nm0424060;
tt1915581;nm1475594;
tt1915581;nm1601397;
tt1915581;nm1641117;
tt1232829;nm1706767;
tt1232829;nm1475594;
tt1232829;nm0001084;
tt1606389;nm1475594;
tt1606389;nm1046097;
tt1606389;nm0000554;
tt1506999;nm2442289;
tt1506999;nm1055413;
tt1506999;nm0000191;
tt1034389;nm1475594;
tt1034389;nm0068260;
tt1034389;nm0000661;
tt1535612;nm0000300;
tt1535612;nm1475594;
tt1535612;nm0000199;
tt1578275;nm0000213;
tt1578275;nm0000681;
tt1578275;nm0416673;
tt1640152;nm2387853;
tt1640152;nm3879509;
tt1640152;nm0330687;
tt0989757;nm1475594;
tt0989757;nm1086543;
tt0989757;nm0420955;
tt1046173;nm1475594;
tt1046173;nm0005541;
tt1046173;nm0000598;
tt1082601;nm1475594;
tt1082601;nm0005024;
tt1082601;nm0350079;
tt0489281;nm0000202;
tt0489281;nm0330687;
tt0489281;nm0180411;
tt1023481;nm0263759;
tt1023481;nm0144260;
tt1023481;nm1382207;
tt1086724;nm1908506;
tt1086724;nm0004741;
tt1086724;nm0000675;
tt0850253;nm1358539;
tt0850253;nm0071275;
tt0850253;nm0207218;
tt0462590;nm1475594;
tt0462590;nm1564087;
tt0462590;nm1690482;
tt10180946;nm1733488;
tt10180946;nm1564087;
tt10180946;nm2169046;
tt7597522;nm1919229;
tt7597522;nm1548662;
tt7597522;nm1564087;
tt0454945;nm1475594;
tt0454945;nm0004789;
tt0454945;nm1377561;
tt0403016;nm0124208;
tt0403016;nm0992538;
tt0403016;nm1036181;
tt0285175;nm0032375;
tt0285175;nm0004266;
tt0285175;nm0005313;
tt0407304;nm0000209;
tt0407304;nm0266824;
tt0407304;nm0000129;
tt0313043;nm0735226;
tt0313043;nm0000325;
tt0313043;nm0698346;
tt8938668;nm1475594;
tt8938668;nm0005193;
tt5617712;nm1289434;
tt5617712;nm0000129;
tt15257160;nm1289434;
tt15257160;nm0262635;
tt11771270;nm1245863;
tt11771270;nm1289434;
tt11771270;nm0001354;
tt0870154;nm1289434;
tt0870154;nm0425005;
tt0870154;nm1183149;
tt6842770;nm1946193;
tt6842770;nm1289434;
tt6842770;nm0358316;
tt8332922;nm8075925;
tt8332922;nm1289434;
tt8332922;nm0614165;
tt5028340;nm0592135;
tt5028340;nm1289434;
tt5028340;nm0924210;
tt6644200;nm8075925;
tt6644200;nm1289434;
tt6644200;nm1024677;
tt3631112;nm1289434;
tt3631112;nm2247245;
tt3631112;nm0272581;
tt2381991;nm1165110;
tt2381991;nm1567113;
tt2381991;nm0000234;
tt3397884;nm1289434;
tt3397884;nm0001125;
tt3397884;nm0000982;
tt2180411;nm0447695;
tt2180411;nm0000658;
tt2180411;nm1517976;
tt1631867;nm1289434;
tt1631867;nm0000200;
tt1631867;nm0000129;
tt1930546;nm0000162;
tt1930546;nm1289434;
tt1930546;nm0000147;
tt1742336;nm1289434;
tt1742336;nm0243233;
tt1742336;nm1679669;
tt1441952;nm1289434;
tt1441952;nm0000191;
tt1441952;nm0906756;
tt1385826;nm2564974;
tt1385826;nm0000354;
tt1385826;nm1289434;
tt1235189;nm0342488;
tt1235189;nm1289434;
tt1235189;nm0631490;
tt0780653;nm1289434;
tt0780653;nm0001125;
tt0780653;nm0000164;
tt1347258;nm2068559;
tt1347258;nm3310717;
tt1347258;nm1289434;
tt0962736;nm1289434;
tt0962736;nm1670029;
tt0962736;nm0079273;
tt0460810;nm0000518;
tt0460810;nm0000158;
tt0460810;nm0004988;
tt0862846;nm0010736;
tt0862846;nm1289434;
tt0862846;nm0000273;
tt0472062;nm0000158;
tt0472062;nm0000450;
tt0472062;nm0000210;
tt0480242;nm0136797;
tt0480242;nm0000300;
tt0480242;nm0176981;
tt0866437;nm0199215;
tt0866437;nm0000312;
tt0866437;nm0000834;
tt0486051;nm1289434;
tt0486051;nm0233027;
tt0486051;nm1525948;
tt0458352;nm0004266;
tt0458352;nm0004978;
tt0458352;nm0000658;
tt0448564;nm1289434;
tt0448564;nm0000554;
tt0448564;nm0000215;
tt0487907;nm1289434;
tt0487907;nm0631490;
tt0487907;nm0001669;
tt0470929;nm1289434;
tt0470929;nm0079261;
tt0470929;nm0570570;
tt0403759;nm1289434;
tt0403759;nm1085051;
tt0403759;nm0716490;
tt0382189;nm1289434;
tt0382189;nm0175916;
tt0382189;nm1461267;
tt0094525;nm0837064;
tt0094525;nm0413946;
tt0094525;nm0292140;
tt0310455;nm0397928;
tt0310455;nm0917320;
tt0310455;nm0457655;
tt0382737;nm0000722;
tt0382737;nm0935653;
tt0382737;nm0593730;
tt0338806;nm0005094;
tt0338806;nm1289434;
tt0338806;nm0905357;
